city,venue_as_proposed_by_claude,note
Copenhagen,Geranium,proposed list (turns 13/15); operator file replaced a|o|c and Studio with Paula; operator file (list_and_menus.xlsx) contents/URLs NOT in transcript
Copenhagen,Kadeau Copenhagen,proposed list (turns 13/15); operator file replaced a|o|c and Studio with Paula; operator file (list_and_menus.xlsx) contents/URLs NOT in transcript
Copenhagen,Alchemist,proposed list (turns 13/15); operator file replaced a|o|c and Studio with Paula; operator file (list_and_menus.xlsx) contents/URLs NOT in transcript
Copenhagen,a|o|c,proposed list (turns 13/15); operator file replaced a|o|c and Studio with Paula; operator file (list_and_menus.xlsx) contents/URLs NOT in transcript
Copenhagen,akmē,proposed list (turns 13/15); operator file replaced a|o|c and Studio with Paula; operator file (list_and_menus.xlsx) contents/URLs NOT in transcript
Copenhagen,Alouette,proposed list (turns 13/15); operator file replaced a|o|c and Studio with Paula; operator file (list_and_menus.xlsx) contents/URLs NOT in transcript
Copenhagen,Anarki,proposed list (turns 13/15); operator file replaced a|o|c and Studio with Paula; operator file (list_and_menus.xlsx) contents/URLs NOT in transcript
Copenhagen,Bistro Lupa,proposed list (turns 13/15); operator file replaced a|o|c and Studio with Paula; operator file (list_and_menus.xlsx) contents/URLs NOT in transcript
Copenhagen,Bobe,proposed list (turns 13/15); operator file replaced a|o|c and Studio with Paula; operator file (list_and_menus.xlsx) contents/URLs NOT in transcript
Copenhagen,Aamanns 1921,proposed list (turns 13/15); operator file replaced a|o|c and Studio with Paula; operator file (list_and_menus.xlsx) contents/URLs NOT in transcript
Copenhagen,Abigail & Co,proposed list (turns 13/15); operator file replaced a|o|c and Studio with Paula; operator file (list_and_menus.xlsx) contents/URLs NOT in transcript
Copenhagen,Admiralgade 26,proposed list (turns 13/15); operator file replaced a|o|c and Studio with Paula; operator file (list_and_menus.xlsx) contents/URLs NOT in transcript
Copenhagen,Noma,proposed list (turns 13/15); operator file replaced a|o|c and Studio with Paula; operator file (list_and_menus.xlsx) contents/URLs NOT in transcript
Copenhagen,Studio,proposed list (turns 13/15); operator file replaced a|o|c and Studio with Paula; operator file (list_and_menus.xlsx) contents/URLs NOT in transcript
Copenhagen,Bistro Boheme,proposed list (turns 13/15); operator file replaced a|o|c and Studio with Paula; operator file (list_and_menus.xlsx) contents/URLs NOT in transcript
Copenhagen,Connection,proposed list (turns 13/15); operator file replaced a|o|c and Studio with Paula; operator file (list_and_menus.xlsx) contents/URLs NOT in transcript
Copenhagen,Alf,proposed list (turns 13/15); operator file replaced a|o|c and Studio with Paula; operator file (list_and_menus.xlsx) contents/URLs NOT in transcript
Copenhagen,Ambra,proposed list (turns 13/15); operator file replaced a|o|c and Studio with Paula; operator file (list_and_menus.xlsx) contents/URLs NOT in transcript
Copenhagen,Brasserie Barner,proposed list (turns 13/15); operator file replaced a|o|c and Studio with Paula; operator file (list_and_menus.xlsx) contents/URLs NOT in transcript
Copenhagen,Masseria,proposed list (turns 13/15); operator file replaced a|o|c and Studio with Paula; operator file (list_and_menus.xlsx) contents/URLs NOT in transcript
London,The Ledbury,proposed list (turns 13/15); operator file replaced a|o|c and Studio with Paula; operator file (list_and_menus.xlsx) contents/URLs NOT in transcript
London,Row on 5,proposed list (turns 13/15); operator file replaced a|o|c and Studio with Paula; operator file (list_and_menus.xlsx) contents/URLs NOT in transcript
London,Bonheur by Matt Abé,proposed list (turns 13/15); operator file replaced a|o|c and Studio with Paula; operator file (list_and_menus.xlsx) contents/URLs NOT in transcript
London,Da Terra,proposed list (turns 13/15); operator file replaced a|o|c and Studio with Paula; operator file (list_and_menus.xlsx) contents/URLs NOT in transcript
London,Restaurant Gordon Ramsay High,proposed list (turns 13/15); operator file replaced a|o|c and Studio with Paula; operator file (list_and_menus.xlsx) contents/URLs NOT in transcript
London,The Kerfield Arms,proposed list (turns 13/15); operator file replaced a|o|c and Studio with Paula; operator file (list_and_menus.xlsx) contents/URLs NOT in transcript
London,Legado,proposed list (turns 13/15); operator file replaced a|o|c and Studio with Paula; operator file (list_and_menus.xlsx) contents/URLs NOT in transcript
London,Humble Chicken,proposed list (turns 13/15); operator file replaced a|o|c and Studio with Paula; operator file (list_and_menus.xlsx) contents/URLs NOT in transcript
London,Plates,proposed list (turns 13/15); operator file replaced a|o|c and Studio with Paula; operator file (list_and_menus.xlsx) contents/URLs NOT in transcript
London,Casa Fofò,proposed list (turns 13/15); operator file replaced a|o|c and Studio with Paula; operator file (list_and_menus.xlsx) contents/URLs NOT in transcript
Barcelona,Disfrutar,proposed list (turns 13/15); operator file replaced a|o|c and Studio with Paula; operator file (list_and_menus.xlsx) contents/URLs NOT in transcript
Barcelona,Lasarte,proposed list (turns 13/15); operator file replaced a|o|c and Studio with Paula; operator file (list_and_menus.xlsx) contents/URLs NOT in transcript
Barcelona,Cocina Hermanos Torres,proposed list (turns 13/15); operator file replaced a|o|c and Studio with Paula; operator file (list_and_menus.xlsx) contents/URLs NOT in transcript
Barcelona,Enigma,proposed list (turns 13/15); operator file replaced a|o|c and Studio with Paula; operator file (list_and_menus.xlsx) contents/URLs NOT in transcript
Barcelona,Mont Bar,proposed list (turns 13/15); operator file replaced a|o|c and Studio with Paula; operator file (list_and_menus.xlsx) contents/URLs NOT in transcript
Barcelona,Aleia,proposed list (turns 13/15); operator file replaced a|o|c and Studio with Paula; operator file (list_and_menus.xlsx) contents/URLs NOT in transcript
Barcelona,Kamikaze,proposed list (turns 13/15); operator file replaced a|o|c and Studio with Paula; operator file (list_and_menus.xlsx) contents/URLs NOT in transcript
Barcelona,Dos Palillos,proposed list (turns 13/15); operator file replaced a|o|c and Studio with Paula; operator file (list_and_menus.xlsx) contents/URLs NOT in transcript
Barcelona,Besta,proposed list (turns 13/15); operator file replaced a|o|c and Studio with Paula; operator file (list_and_menus.xlsx) contents/URLs NOT in transcript
Barcelona,Prodigi,proposed list (turns 13/15); operator file replaced a|o|c and Studio with Paula; operator file (list_and_menus.xlsx) contents/URLs NOT in transcript
