term,venues_2026_all,in_copenhagen_2026,in_barcelona_2026,in_london_2026,panel_2025,panel_2026,panel_new_2026,panel_dropped_2026
miso,9,1,1,1,7,6,Row on 5,Abigail & Co; Prodigi
kimchi,4,1,0,1,3,3,,
matcha,1,0,1,0,1,0,,The Ledbury
hojicha,0,0,0,0,0,0,,
pistachio,8,1,1,1,7,5,Bistro Boheme,Abigail & Co; Masseria; Paula
yuzu,5,1,1,0,4,3,Admiralgade 26,Bonheur by Matt Abé; Paula
seaweed,8,1,1,1,8,6,Bonheur by Matt Abé; Lasarte,Aamanns 1921; Abigail & Co; Admiralgade 26; Prodigi
koji,2,1,1,0,1,0,,Abigail & Co
beef fat,0,0,0,0,0,0,,
cardamom,4,1,1,1,2,2,Lasarte,The Ledbury
honey,5,1,0,1,4,4,Abigail & Co; Alf,Bonheur by Matt Abé; Masseria
vinegar,3,1,1,0,4,3,Mont Bar,Masseria; Paula
gochujang,0,0,0,0,0,0,,
blackcurrant,2,1,0,0,2,2,Alf; Paula,Masseria; The Ledbury
fermented,5,1,0,1,4,5,Aamanns 1921; Bistro Boheme,Lasarte
garum,0,0,0,0,0,0,,
buckwheat,2,1,1,0,1,1,,
verjus,2,0,0,1,0,1,Bonheur by Matt Abé,
sea buckthorn,2,1,0,0,1,2,Abigail & Co,
brown butter,4,1,0,0,8,4,Alf,Masseria; Mont Bar; Paula; Prodigi; The Ledbury
cultured cream,8,1,0,1,5,6,Abigail & Co; Alf,Paula
pine / spruce,8,1,1,1,5,6,Abigail & Co; Ambra,Bonheur by Matt Abé
fish sauce,0,0,0,0,0,0,,
caviar,11,1,1,1,8,7,,Paula
truffle,6,1,1,1,9,3,Row on 5,Abigail & Co; Da Terra; Lasarte; Masseria; Mont Bar; Prodigi; The Ledbury
scallop,12,1,1,1,9,9,Abigail & Co; Masseria,Admiralgade 26; Paula
langoustine,5,1,1,1,1,4,Da Terra; Lasarte; Row on 5,
oyster,14,1,1,1,10,10,Bonheur by Matt Abé; Paula; Row on 5,Masseria; Prodigi; The Ledbury
crab,4,1,1,1,5,4,Da Terra,Casa Fofò; The Ledbury
lobster,6,1,1,1,7,5,Masseria; The Ledbury,Aamanns 1921; Abigail & Co; Ambra; Bonheur by Matt Abé
sea urchin,1,0,0,1,0,1,The Ledbury,
tuna,5,1,1,1,3,3,,
mackerel,3,1,1,0,5,2,Paula,Abigail & Co; Alf; Legado; Masseria
cod,3,0,1,1,1,1,,
anchovy,7,1,1,1,5,4,,Ambra
caviar / roe,5,1,1,1,3,2,Da Terra,Admiralgade 26; Paula
duck,7,1,1,1,5,3,Alf,Masseria; Paula; The Ledbury
lamb,4,1,1,1,3,1,,Da Terra; Prodigi
venison / game,7,1,1,1,8,5,Paula,Aamanns 1921; Masseria; Prodigi; Row on 5
wagyu / aged beef,4,1,1,0,3,3,Lasarte,Prodigi
pork / iberico,9,1,1,1,5,5,Da Terra,Lasarte
pumpkin / squash,10,1,0,1,4,7,Bistro Boheme; Casa Fofò; Paula,
mushroom,16,1,0,1,13,11,Alf; Bonheur by Matt Abé,Ambra; Mont Bar; Paula; Prodigi
celeriac,6,1,1,1,4,4,Prodigi,Bonheur by Matt Abé
beetroot,11,1,1,1,7,8,Abigail & Co; Da Terra; Paula,Prodigi; The Ledbury
jerusalem artichoke,3,1,1,0,5,3,Bistro Boheme,Aamanns 1921; Bonheur by Matt Abé; Paula
artichoke,3,1,1,1,2,3,Prodigi,
tomato,16,1,1,1,12,11,Admiralgade 26; Da Terra,Abigail & Co; Lasarte; Prodigi
fig,8,1,1,1,6,4,Bonheur by Matt Abé,Mont Bar; Prodigi; The Ledbury
plum,3,1,0,1,4,2,,Bistro Boheme; The Ledbury
quince,0,0,0,0,1,0,,Abigail & Co
apple,7,1,1,1,7,5,Paula,Bistro Boheme; Bonheur by Matt Abé; The Ledbury
pear,5,1,1,1,4,3,Lasarte,Aamanns 1921; Da Terra
rhubarb,3,1,0,1,1,2,Bistro Boheme; Legado,Ambra
elderflower / elderberry,2,1,1,0,1,2,Prodigi,
hazelnut,7,1,0,1,8,4,Abigail & Co,Aamanns 1921; Bistro Boheme; Bonheur by Matt Abé; Masseria; Prodigi
walnut,6,1,0,1,3,3,Alf; Bonheur by Matt Abé,Aamanns 1921; Ambra
chocolate,12,1,1,1,12,8,Abigail & Co,Admiralgade 26; Bistro Boheme; Paula; Prodigi; The Ledbury
citrus,17,1,1,1,15,13,Mont Bar,Legado; Masseria; Paula
chilli,15,1,0,1,10,11,Paula; The Ledbury,Abigail & Co
rye,5,1,0,1,3,4,Abigail & Co,
sourdough / bread,6,1,1,1,5,4,Mont Bar,Abigail & Co; Da Terra
caramelised / burnt,16,1,1,1,9,10,Admiralgade 26; Masseria,Aamanns 1921
smoked,13,1,1,1,6,9,Abigail & Co; Bistro Boheme; Mont Bar,
raw / cured,11,1,1,1,6,7,Bistro Boheme; Prodigi,Paula
dashi / broth,7,1,1,1,5,6,Bistro Boheme; Da Terra,Prodigi
heat on shellfish,7,1,0,1,4,7,Aamanns 1921; Bistro Boheme; Masseria; Paula; The Ledbury,Ambra; Bonheur by Matt Abé
