publisher,title,pub_date,url,ingredient,claim_paraphrase,scope,retrieved_on
Waitrose & Partners,Waitrose Food & Drink Report 2025-26 (press release),2025-12-03,https://www.johnlewispartnership.co.uk/media-centre/latest-news/2025/23843,pork (premium cuts),Shoppers buying beef-style pork cuts as cheaper protein,retail,2026-09-28
Waitrose & Partners,Waitrose Food & Drink Report 2025-26 (press release),2025-12-03,https://www.johnlewispartnership.co.uk/media-centre/latest-news/2025/23843,flavoured butter,Named under a theme of maximising taste through fat,retail,2026-09-28
Waitrose & Partners,Waitrose Food & Drink Report 2025-26 (press release),2025-12-03,https://www.johnlewispartnership.co.uk/media-centre/latest-news/2025/23843,premium olive oil,Shoppers buying high-end olive oil,retail,2026-09-28
Waitrose & Partners,Waitrose Food & Drink Report 2025-26 (press release),2025-12-03,https://www.johnlewispartnership.co.uk/media-centre/latest-news/2025/23843,chilli pesto,Now best-seller in Waitrose own-label range,retail,2026-09-28
Waitrose & Partners,Waitrose Food & Drink Report 2025-26 (press release),2025-12-03,https://www.johnlewispartnership.co.uk/media-centre/latest-news/2025/23843,umami paste,New own-label Cooks' Ingredients product,retail,2026-09-28
Waitrose & Partners,Waitrose Food & Drink Report 2025-26 (press release),2025-12-03,https://www.johnlewispartnership.co.uk/media-centre/latest-news/2025/23843,gochujang,Via a gochujang hot honey product; Korean-inspired sauces cited,retail,2026-09-28
Waitrose & Partners,Waitrose Food & Drink Report 2025-26 (press release),2025-12-03,https://www.johnlewispartnership.co.uk/media-centre/latest-news/2025/23843,matcha,Part of bold/complex flavours replacing plain sweetness,retail,2026-09-28
Waitrose & Partners,Waitrose Food & Drink Report 2025-26 (press release),2025-12-03,https://www.johnlewispartnership.co.uk/media-centre/latest-news/2025/23843,wasabi,Part of bold/complex flavours replacing plain sweetness,retail,2026-09-28
Waitrose & Partners,Waitrose Food & Drink Report 2025-26 (press release),2025-12-03,https://www.johnlewispartnership.co.uk/media-centre/latest-news/2025/23843,"bitter aperitifs (negroni, Aperol, vermouth)",Bitter flavours rising; negroni searches up on waitrose.com,retail,2026-09-28
Waitrose & Partners,Waitrose Food & Drink Report 2025-26 (press release),2025-12-03,https://www.johnlewispartnership.co.uk/media-centre/latest-news/2025/23843,Dubai chocolate,Listed as declining,retail,2026-09-28
Waitrose & Partners,Waitrose Food & Drink Report 2025-26 (press release),2025-12-03,https://www.johnlewispartnership.co.uk/media-centre/latest-news/2025/23843,cauliflower,Listed as declining,retail,2026-09-28
Whole Foods Market,Whole Foods Market Forecasts the Top Food and Beverage Trends for 2026,2025-10-08,https://www.wholefoodsmarket.com/company-info/newsroom/news-releases/whole-foods-market-forecasts-the-top-food-and-beverage-trends-for-2026,beef tallow,"Tallow as cooking fat, whipped and herb-infused",retail,2026-09-28
Whole Foods Market,Whole Foods Market Forecasts the Top Food and Beverage Trends for 2026,2025-10-08,https://www.wholefoodsmarket.com/company-info/newsroom/news-releases/whole-foods-market-forecasts-the-top-food-and-beverage-trends-for-2026,"fibre (cassava, chicory, konjac, oats)",Fibre-focused products for gut health,retail,2026-09-28
Whole Foods Market,Whole Foods Market Forecasts the Top Food and Beverage Trends for 2026,2025-10-08,https://www.wholefoodsmarket.com/company-info/newsroom/news-releases/whole-foods-market-forecasts-the-top-food-and-beverage-trends-for-2026,"vinegar (incl. yuzu vinaigrette, fruit vinegars)",'Very Vinegar' trend with flavoured vinegars,retail,2026-09-28
Whole Foods Market,Whole Foods Market Forecasts the Top Food and Beverage Trends for 2026,2025-10-08,https://www.wholefoodsmarket.com/company-info/newsroom/news-releases/whole-foods-market-forecasts-the-top-food-and-beverage-trends-for-2026,yuzu,Named via yuzu vinaigrette in vinegar trend,retail,2026-09-28
Whole Foods Market,Whole Foods Market Forecasts the Top Food and Beverage Trends for 2026,2025-10-08,https://www.wholefoodsmarket.com/company-info/newsroom/news-releases/whole-foods-market-forecasts-the-top-food-and-beverage-trends-for-2026,matcha,Instant matcha in 'Instant Reimagined' trend,retail,2026-09-28
Whole Foods Market,Whole Foods Market Forecasts the Top Food and Beverage Trends for 2026,2025-10-08,https://www.wholefoodsmarket.com/company-info/newsroom/news-releases/whole-foods-market-forecasts-the-top-food-and-beverage-trends-for-2026,bone broth,Bone broth ramen in instant formats,retail,2026-09-28
Whole Foods Market,Whole Foods Market Forecasts the Top Food and Beverage Trends for 2026,2025-10-08,https://www.wholefoodsmarket.com/company-info/newsroom/news-releases/whole-foods-market-forecasts-the-top-food-and-beverage-trends-for-2026,dates / maple syrup,Real sweeteners under mindful-sweet trend,retail,2026-09-28
McCormick for Chefs,Flavor Forecast 2026 (foodservice),2025-12-09,https://www.mccormick.com/pages/foodservice-flavor-forecast,black currant,Flavor of the Year for foodservice,restaurant,2026-09-28
McCormick for Chefs,Flavor Forecast 2026 (foodservice),2025-12-09,https://www.mccormick.com/pages/foodservice-flavor-forecast,cardamom,Named among trending flavours on foodservice forecast page,restaurant,2026-09-28
McCormick for Chefs,Flavor Forecast 2026 (foodservice),2025-12-09,https://www.mccormick.com/pages/foodservice-flavor-forecast,rosemary / five spice / blood orange,Named among trending flavours on foodservice page,restaurant,2026-09-28
McCormick for Chefs,Flavor Forecast 2026 (foodservice),2025-12-09,https://www.mccormick.com/pages/foodservice-flavor-forecast,sambal / toum / Schezwan chutney,Regional sauces under 'Sauce From Somewhere' theme,restaurant,2026-09-28
McCormick,McCormick Unveils the 2026 Flavor of the Year: Black Currant,2025-12-09,https://news.mccormick.com/2025-12-09-McCormick-R-Unveils-the-2026-Flavor-of-the-Year-Black-Currant,black currant,Named 2026 Flavor of the Year; 'next it berry' per CMO,retail,2026-09-28
Datassential,Datassential Releases 2026 Food and Beverage Trends Report,2025-11-06,https://datassential.com/resource/datassential-2026-food-and-beverage-trends-report/,MSG,Named as 2026 trend,restaurant,2026-09-28
Datassential,Datassential Releases 2026 Food and Beverage Trends Report,2025-11-06,https://datassential.com/resource/datassential-2026-food-and-beverage-trends-report/,ube,Named as 2026 trend,restaurant,2026-09-28
Datassential,Datassential Releases 2026 Food and Beverage Trends Report,2025-11-06,https://datassential.com/resource/datassential-2026-food-and-beverage-trends-report/,curry leaves / turmeric / asafoetida,Keralan spices tied to Kerala cuisine trend,restaurant,2026-09-28
Datassential,Datassential Releases 2026 Food and Beverage Trends Report,2025-11-06,https://datassential.com/resource/datassential-2026-food-and-beverage-trends-report/,Basque cheesecake,Named as 2026 trend,restaurant,2026-09-28
Datassential,Datassential Releases 2026 Food and Beverage Trends Report,2025-11-06,https://datassential.com/resource/datassential-2026-food-and-beverage-trends-report/,stracciatella,Future-trending cheese,restaurant,2026-09-28
Datassential,Datassential Releases 2026 Food and Beverage Trends Report,2025-11-06,https://datassential.com/resource/datassential-2026-food-and-beverage-trends-report/,fermented black beans,Anticipated trend,restaurant,2026-09-28
Datassential,Datassential Releases 2026 Food and Beverage Trends Report,2025-11-06,https://datassential.com/resource/datassential-2026-food-and-beverage-trends-report/,huacatay (Peruvian black mint),Anticipated trend,restaurant,2026-09-28
Datassential,10 Flavors to Know for the Future: beyond 2026,2026-02-02,https://datassential.com/resource/10-flavors-to-know-for-the-future-whats-next-in-food-and-beverage-trends-beyond-2026/,fermented black beans,Intensely savoury; highest trial among the ten,restaurant,2026-09-28
Datassential,10 Flavors to Know for the Future: beyond 2026,2026-02-02,https://datassential.com/resource/10-flavors-to-know-for-the-future-whats-next-in-food-and-beverage-trends-beyond-2026/,stracciatella,Premium swap for burrata/mozzarella,restaurant,2026-09-28
Datassential,10 Flavors to Know for the Future: beyond 2026,2026-02-02,https://datassential.com/resource/10-flavors-to-know-for-the-future-whats-next-in-food-and-beverage-trends-beyond-2026/,char siu,Sweet-savoury BBQ pork; highest interest among the ten,restaurant,2026-09-28
Datassential,10 Flavors to Know for the Future: beyond 2026,2026-02-02,https://datassential.com/resource/10-flavors-to-know-for-the-future-whats-next-in-food-and-beverage-trends-beyond-2026/,huacatay (Peruvian black mint),Future flavour; mint/citrus/basil/tarragon notes,restaurant,2026-09-28
Datassential,10 Flavors to Know for the Future: beyond 2026,2026-02-02,https://datassential.com/resource/10-flavors-to-know-for-the-future-whats-next-in-food-and-beverage-trends-beyond-2026/,camu camu,Vitamin-C-rich Amazonian berry as superfood,restaurant,2026-09-28
Datassential,10 Flavors to Know for the Future: beyond 2026,2026-02-02,https://datassential.com/resource/10-flavors-to-know-for-the-future-whats-next-in-food-and-beverage-trends-beyond-2026/,fonio (ancient grain beer),"Ancient-grain beers, gluten-free angle",restaurant,2026-09-28
Datassential,10 Flavors to Know for the Future: beyond 2026,2026-02-02,https://datassential.com/resource/10-flavors-to-know-for-the-future-whats-next-in-food-and-beverage-trends-beyond-2026/,piloncillo,"Latin American unrefined sugar, caramel/molasses notes",restaurant,2026-09-28
Datassential,10 Flavors to Know for the Future: beyond 2026,2026-02-02,https://datassential.com/resource/10-flavors-to-know-for-the-future-whats-next-in-food-and-beverage-trends-beyond-2026/,som tum / ataya tea / grass jelly,Also on the ten future-flavours list,restaurant,2026-09-28
Baum + Whiteman,23rd Annual Restaurant and Food Trends Report (2026),2025-11-03,https://www.baumwhiteman.com/_files/ugd/0c5d00_afcad8dd66734734aa59c0ad4d7f9470.pdf,cardamom,Called the next big spice,restaurant,2026-09-28
Baum + Whiteman,23rd Annual Restaurant and Food Trends Report (2026),2025-11-03,https://www.baumwhiteman.com/_files/ugd/0c5d00_afcad8dd66734734aa59c0ad4d7f9470.pdf,kimchi,Kimchi appearing in everything,restaurant,2026-09-28
Baum + Whiteman,23rd Annual Restaurant and Food Trends Report (2026),2025-11-03,https://www.baumwhiteman.com/_files/ugd/0c5d00_afcad8dd66734734aa59c0ad4d7f9470.pdf,tropical fruit / Silk Road spices,Said to dominate restaurant flavours,restaurant,2026-09-28
Baum + Whiteman,23rd Annual Restaurant and Food Trends Report (2026),2025-11-03,https://www.baumwhiteman.com/_files/ugd/0c5d00_afcad8dd66734734aa59c0ad4d7f9470.pdf,chili crunch,Heat being tamed for new uses,restaurant,2026-09-28
Baum + Whiteman,23rd Annual Restaurant and Food Trends Report (2026),2025-11-03,https://www.baumwhiteman.com/_files/ugd/0c5d00_afcad8dd66734734aa59c0ad4d7f9470.pdf,fermented honey,Positioned as complex alternative to hot honey,restaurant,2026-09-28
Baum + Whiteman,23rd Annual Restaurant and Food Trends Report (2026),2025-11-03,https://www.baumwhiteman.com/_files/ugd/0c5d00_afcad8dd66734734aa59c0ad4d7f9470.pdf,beef fat / tallow,"Comeback, e.g. for frying",restaurant,2026-09-28
Baum + Whiteman,23rd Annual Restaurant and Food Trends Report (2026),2025-11-03,https://www.baumwhiteman.com/_files/ugd/0c5d00_afcad8dd66734734aa59c0ad4d7f9470.pdf,mushroom soda,New beverage to expect,restaurant,2026-09-28
Technomic,2026 Global Foodservice Trend Predictions,undated (page shows no date),https://www.technomic.com/2026-global-foodservice-trend-predictions/,hojicha,'Hojicha is the next matcha',restaurant,2026-09-28
Technomic,2026 Global Foodservice Trend Predictions,undated (page shows no date),https://www.technomic.com/2026-global-foodservice-trend-predictions/,mala,"Chinese condiment applied to noodles, pizza, fries etc.",restaurant,2026-09-28
Technomic,2026 Global Foodservice Trend Predictions,undated (page shows no date),https://www.technomic.com/2026-global-foodservice-trend-predictions/,halloumi,"Halloumi as patties, toppers, nuggets",restaurant,2026-09-28
Technomic,2026 Global Foodservice Trend Predictions,undated (page shows no date),https://www.technomic.com/2026-global-foodservice-trend-predictions/,gochujang,Via swicy pairing corn with gochujang,restaurant,2026-09-28
Technomic,2026 Global Foodservice Trend Predictions,undated (page shows no date),https://www.technomic.com/2026-global-foodservice-trend-predictions/,kimchi,Via swicy pairing maple with kimchi,restaurant,2026-09-28
Technomic,2026 Global Foodservice Trend Predictions,undated (page shows no date),https://www.technomic.com/2026-global-foodservice-trend-predictions/,chipotle,Via swicy pairing cola with chipotle,restaurant,2026-09-28
Technomic,2026 Global Foodservice Trend Predictions,undated (page shows no date),https://www.technomic.com/2026-global-foodservice-trend-predictions/,kale (veggie tea),Kale-based veggie tea drinks,restaurant,2026-09-28
Restaurant Business (roundup of forecasters),What's coming onto menus in 2026,2025-12-19,https://www.restaurantbusinessonline.com/food/whats-coming-menus-2026,miso,"Attributed to Technomic (with tahini, mole) and to Monin (with hot honey)",restaurant,2026-09-28
Restaurant Business (roundup of forecasters),What's coming onto menus in 2026,2025-12-19,https://www.restaurantbusinessonline.com/food/whats-coming-menus-2026,tahini / mole,Attributed to Technomic's Lizzy Freier,restaurant,2026-09-28
Restaurant Business (roundup of forecasters),What's coming onto menus in 2026,2025-12-19,https://www.restaurantbusinessonline.com/food/whats-coming-menus-2026,hot honey / hickory smoke / toasted coconut,"Attributed to Monin, paired with caramel/fruit",restaurant,2026-09-28
Restaurant Business (roundup of forecasters),What's coming onto menus in 2026,2025-12-19,https://www.restaurantbusinessonline.com/food/whats-coming-menus-2026,lentils / barley / whole grains,Attributed to Datassential (fibre),restaurant,2026-09-28
Restaurant Business (roundup of forecasters),What's coming onto menus in 2026,2025-12-19,https://www.restaurantbusinessonline.com/food/whats-coming-menus-2026,conchas,Attributed to Baum + Whiteman as the next croissant,restaurant,2026-09-28
Restaurant Business (roundup of forecasters),What's coming onto menus in 2026,2025-12-19,https://www.restaurantbusinessonline.com/food/whats-coming-menus-2026,rose / elderflower / cherry,Attributed to Kimpton Hotels as sugar swaps in cocktails,restaurant,2026-09-28
Restaurant Business (roundup of forecasters),What's coming onto menus in 2026,2025-12-19,https://www.restaurantbusinessonline.com/food/whats-coming-menus-2026,banana,Attributed to AF&Co.+Carbonate and Yelp (banana lattes/matcha),restaurant,2026-09-28
James Beard Foundation (10 JBF-recognised chefs),Flavor Forecast: Top Restaurant Food Trends for 2026,2026-01-05,https://www.jamesbeard.org/stories/top-restaurant-food-trends-2026,seaweed,"For umami, texture, even desserts and cocktails",restaurant,2026-09-28
James Beard Foundation (10 JBF-recognised chefs),Flavor Forecast: Top Restaurant Food Trends for 2026,2026-01-05,https://www.jamesbeard.org/stories/top-restaurant-food-trends-2026,"fermentation (fruit vinegars, cultured chili pastes)","'Intentional fermentation' to extend seasons, cut waste",restaurant,2026-09-28
James Beard Foundation (10 JBF-recognised chefs),Flavor Forecast: Top Restaurant Food Trends for 2026,2026-01-05,https://www.jamesbeard.org/stories/top-restaurant-food-trends-2026,"whole-animal parts (heads, claws, carcasses)",Used where they serve technique or story,restaurant,2026-09-28
James Beard Foundation (10 JBF-recognised chefs),Flavor Forecast: Top Restaurant Food Trends for 2026,2026-01-05,https://www.jamesbeard.org/stories/top-restaurant-food-trends-2026,koji,Named in savoury culinary cocktails,restaurant,2026-09-28
James Beard Foundation (10 JBF-recognised chefs),Flavor Forecast: Top Restaurant Food Trends for 2026,2026-01-05,https://www.jamesbeard.org/stories/top-restaurant-food-trends-2026,sorrel / sea greens,Named in savoury culinary cocktails,restaurant,2026-09-28
James Beard Foundation (10 JBF-recognised chefs),Flavor Forecast: Top Restaurant Food Trends for 2026,2026-01-05,https://www.jamesbeard.org/stories/top-restaurant-food-trends-2026,gentian,Named in non-alcoholic cocktail structure,restaurant,2026-09-28
James Beard Foundation (10 JBF-recognised chefs),Flavor Forecast: Top Restaurant Food Trends for 2026,2026-01-05,https://www.jamesbeard.org/stories/top-restaurant-food-trends-2026,tepache / vinegars,Low-waste cocktail ingredients,restaurant,2026-09-28
MICHELIN Guide (inspectors),"7 Big Food Trends of 2026, According to Our MICHELIN Guide Inspectors",2026-01-08,https://guide.michelin.com/en/article/travel/top-food-trends-2026-michelin-guide-inspectors,smoke / live fire,Fire cooking described as the new normal,restaurant,2026-09-28
MICHELIN Guide (inspectors),"7 Big Food Trends of 2026, According to Our MICHELIN Guide Inspectors",2026-01-08,https://guide.michelin.com/en/article/travel/top-food-trends-2026-michelin-guide-inspectors,"bitter leaves (endive, radicchio)",Bitterness and depth trend; London example cited,restaurant,2026-09-28
MICHELIN Guide (inspectors),"7 Big Food Trends of 2026, According to Our MICHELIN Guide Inspectors",2026-01-08,https://guide.michelin.com/en/article/travel/top-food-trends-2026-michelin-guide-inspectors,miso,Named under bitterness/depth/umami trend,restaurant,2026-09-28
MICHELIN Guide (inspectors),"7 Big Food Trends of 2026, According to Our MICHELIN Guide Inspectors",2026-01-08,https://guide.michelin.com/en/article/travel/top-food-trends-2026-michelin-guide-inspectors,seaweed,Named under bitterness/depth/umami trend,restaurant,2026-09-28
MICHELIN Guide (inspectors),"7 Big Food Trends of 2026, According to Our MICHELIN Guide Inspectors",2026-01-08,https://guide.michelin.com/en/article/travel/top-food-trends-2026-michelin-guide-inspectors,tea (as cooking ingredient),Tea used as a cooking element,restaurant,2026-09-28
MICHELIN Guide (inspectors),"7 Big Food Trends of 2026, According to Our MICHELIN Guide Inspectors",2026-01-08,https://guide.michelin.com/en/article/travel/top-food-trends-2026-michelin-guide-inspectors,koji,'Time is an ingredient' trend; Copenhagen example cited,restaurant,2026-09-28
MICHELIN Guide (inspectors),"7 Big Food Trends of 2026, According to Our MICHELIN Guide Inspectors",2026-01-08,https://guide.michelin.com/en/article/travel/top-food-trends-2026-michelin-guide-inspectors,lacto-fermentation,'Time is an ingredient' trend,restaurant,2026-09-28
MICHELIN Guide (inspectors),"7 Big Food Trends of 2026, According to Our MICHELIN Guide Inspectors",2026-01-08,https://guide.michelin.com/en/article/travel/top-food-trends-2026-michelin-guide-inspectors,porcini / matsutake,Traditional cuisines with contemporary technique,restaurant,2026-09-28
Great British Chefs,Food Trends 2026,2026-01-08,https://www.greatbritishchefs.com/features/food-trends-2026,cabbage,Called the brassica of the moment,restaurant,2026-09-28
Great British Chefs,Food Trends 2026,2026-01-08,https://www.greatbritishchefs.com/features/food-trends-2026,carrots / parsnips,Humble produce elevated through technique,restaurant,2026-09-28
Great British Chefs,Food Trends 2026,2026-01-08,https://www.greatbritishchefs.com/features/food-trends-2026,"functional mushrooms (lion's mane, shiitake, hen of the woods)",Functional mushrooms on menus,restaurant,2026-09-28
Great British Chefs,Food Trends 2026,2026-01-08,https://www.greatbritishchefs.com/features/food-trends-2026,hot honey,Carrying over momentum from 2025,restaurant,2026-09-28
Great British Chefs,Food Trends 2026,2026-01-08,https://www.greatbritishchefs.com/features/food-trends-2026,sustainable flours,In artisanal breads (bakery boom),restaurant,2026-09-28
Restaurant Industry Magazine (UK chefs),Top Chefs Share Their 2026 Food & Drink Trend Predictions,2025-12-03,https://restaurantindustry.co.uk/2025/12/03/top-chefs-share-their-2026-food-drink-trend-predictions/,"offal (pig's trotter, calves' liver, tripe)","Reimagined with finesse (Winter Garden, London)",restaurant,2026-09-28
Restaurant Industry Magazine (UK chefs),Top Chefs Share Their 2026 Food & Drink Trend Predictions,2025-12-03,https://restaurantindustry.co.uk/2025/12/03/top-chefs-share-their-2026-food-drink-trend-predictions/,ube / pandan / tamarind,"Predicted by Tim Dela Cruz, Smiths of Smithfield",restaurant,2026-09-28
Restaurant Industry Magazine (UK chefs),Top Chefs Share Their 2026 Food & Drink Trend Predictions,2025-12-03,https://restaurantindustry.co.uk/2025/12/03/top-chefs-share-their-2026-food-drink-trend-predictions/,pickles / ferments from offcuts,Zero-waste preserves (Vivek Singh),restaurant,2026-09-28
The Morning Advertiser (UK pub chefs),"Food trends 2026: what pub chefs predict for menus, flavour and operations",2026-01-15,https://www.morningadvertiser.co.uk/Article/2026/01/15/food-trends-2026-what-pub-chefs-predict-for-menus-flavour-and-operations/,ube / pandan / tamarind,Same chef (Tim Dela Cruz) as Restaurant Industry Magazine - not independent,restaurant,2026-09-28
The Morning Advertiser (UK pub chefs),"Food trends 2026: what pub chefs predict for menus, flavour and operations",2026-01-15,https://www.morningadvertiser.co.uk/Article/2026/01/15/food-trends-2026-what-pub-chefs-predict-for-menus-flavour-and-operations/,pistachio / matcha / ube,Booker's Karen Poole: green and purple colour trends,restaurant,2026-09-28
The Morning Advertiser (UK pub chefs),"Food trends 2026: what pub chefs predict for menus, flavour and operations",2026-01-15,https://www.morningadvertiser.co.uk/Article/2026/01/15/food-trends-2026-what-pub-chefs-predict-for-menus-flavour-and-operations/,cauliflower,Rob Allcock calls it vegetable of 2026,restaurant,2026-09-28
The Morning Advertiser (UK pub chefs),"Food trends 2026: what pub chefs predict for menus, flavour and operations",2026-01-15,https://www.morningadvertiser.co.uk/Article/2026/01/15/food-trends-2026-what-pub-chefs-predict-for-menus-flavour-and-operations/,mulberry / callaloo / oca / oyster leaves,Rob Allcock predictions,restaurant,2026-09-28
The Morning Advertiser (UK pub chefs),"Food trends 2026: what pub chefs predict for menus, flavour and operations",2026-01-15,https://www.morningadvertiser.co.uk/Article/2026/01/15/food-trends-2026-what-pub-chefs-predict-for-menus-flavour-and-operations/,Dubai chocolate,Rob Allcock: elevated versions,restaurant,2026-09-28
Lumina Intelligence,Top 10 UK Food and Beverage Trends 2026,2026-01-22,https://www.lumina-intelligence.com/blog/foodservice/top-10-uk-food-and-beverage-trends-2026/,pickles,Increasingly on restaurant menus,restaurant,2026-09-28
Lumina Intelligence,Top 10 UK Food and Beverage Trends 2026,2026-01-22,https://www.lumina-intelligence.com/blog/foodservice/top-10-uk-food-and-beverage-trends-2026/,whole vegetables,Minimally processed veg replacing meat alternatives,restaurant,2026-09-28
Bidfood UK,Food and Drink Trends 2026,2026-05-18,https://www.bidfood.co.uk/food-and-drink-trends-2026/,miso (with salted caramel),Named in FastForward Flavours,restaurant,2026-09-28
Bidfood UK,Food and Drink Trends 2026,2026-05-18,https://www.bidfood.co.uk/food-and-drink-trends-2026/,hot honey,Named in FastForward Flavours,restaurant,2026-09-28
Bidfood UK,Food and Drink Trends 2026,2026-05-18,https://www.bidfood.co.uk/food-and-drink-trends-2026/,pistachio,Cream or crunchy topping,restaurant,2026-09-28
Bidfood UK,Food and Drink Trends 2026,2026-05-18,https://www.bidfood.co.uk/food-and-drink-trends-2026/,wild mushrooms,Named in FastForward Flavours,restaurant,2026-09-28
Bidfood UK,Food and Drink Trends 2026,2026-05-18,https://www.bidfood.co.uk/food-and-drink-trends-2026/,yuzu,Named in Tea Tonic trend,restaurant,2026-09-28
Bidfood UK,Food and Drink Trends 2026,2026-05-18,https://www.bidfood.co.uk/food-and-drink-trends-2026/,matcha,Named in Tea Tonic trend,restaurant,2026-09-28
Bidfood UK,Food and Drink Trends 2026,2026-05-18,https://www.bidfood.co.uk/food-and-drink-trends-2026/,kimchi,Named under Korean cuisine,restaurant,2026-09-28
Bidfood UK,Food and Drink Trends 2026,2026-05-18,https://www.bidfood.co.uk/food-and-drink-trends-2026/,tamarind,Named under Malaysian cuisine,restaurant,2026-09-28
Bidfood UK,Food and Drink Trends 2026,2026-05-18,https://www.bidfood.co.uk/food-and-drink-trends-2026/,Dubai chocolate,Named in Sweet Adventures,restaurant,2026-09-28
Tastewise,UK Menu Trends Market Report: What UK Restaurants Are Serving In 2026,2026-06-02,https://tastewise.io/blog/uk-menu-trends,pistachio,Rising on UK menus (Tastewise states a growth rate; method/denominator not on page),restaurant,2026-09-28
Tastewise,UK Menu Trends Market Report: What UK Restaurants Are Serving In 2026,2026-06-02,https://tastewise.io/blog/uk-menu-trends,hojicha,Called the next matcha; rising on UK menus (Tastewise metric),restaurant,2026-09-28
Tastewise,UK Menu Trends Market Report: What UK Restaurants Are Serving In 2026,2026-06-02,https://tastewise.io/blog/uk-menu-trends,matcha,Matcha latte rising on UK menus (Tastewise metric),restaurant,2026-09-28
Tastewise,UK Menu Trends Market Report: What UK Restaurants Are Serving In 2026,2026-06-02,https://tastewise.io/blog/uk-menu-trends,cinnamon,Rising across bakery formats (Tastewise metric),restaurant,2026-09-28
Madison (Danish lifestyle magazine),25 madtrends du skal kende i 2026,2026-04-27,https://madison.dk/mad/madtrends-2026/,"fruit vinegars (apple, plum, rhubarb)",For drinks,home,2026-09-28
Madison (Danish lifestyle magazine),25 madtrends du skal kende i 2026,2026-04-27,https://madison.dk/mad/madtrends-2026/,hojicha / butterfly pea tea,Tea drinks trending,home,2026-09-28
Madison (Danish lifestyle magazine),25 madtrends du skal kende i 2026,2026-04-27,https://madison.dk/mad/madtrends-2026/,"seaweed (dulse, finger kelp)",Umami seasoning,home,2026-09-28
Madison (Danish lifestyle magazine),25 madtrends du skal kende i 2026,2026-04-27,https://madison.dk/mad/madtrends-2026/,"fermented foods (sauerkraut, kimchi, miso)",Fermentation at home,home,2026-09-28
Madison (Danish lifestyle magazine),25 madtrends du skal kende i 2026,2026-04-27,https://madison.dk/mad/madtrends-2026/,quality butter / animal fats,Cooking fats back in favour,home,2026-09-28
Madison (Danish lifestyle magazine),25 madtrends du skal kende i 2026,2026-04-27,https://madison.dk/mad/madtrends-2026/,"legumes / forgotten roots (Jerusalem artichoke, parsley root)",Seasonal Danish produce and legumes,home,2026-09-28
Fine Dining Lovers España,Que comeremos en 2026: las nuevas tendencias gastronomicas en Espana,2026-01-26,https://www.finedininglovers.es/explorar/noticias/tendencias-gastronomicas-2026-en-espana,miso / kimchi / kombucha / sourdough,Fermented products integrated into diet,home,2026-09-28
Sanchez Romero (Spanish gourmet supermarket),Las 10 tendencias gastronomicas del 2026,2025-12-29,https://sanchez-romero.com/almagourmet/actualidad/tendencias-gastronomicas-del-2026/,black currant,"Called the 'official' 2026 flavour - echoes McCormick, not independent",retail,2026-09-28
Sanchez Romero (Spanish gourmet supermarket),Las 10 tendencias gastronomicas del 2026,2025-12-29,https://sanchez-romero.com/almagourmet/actualidad/tendencias-gastronomicas-del-2026/,fruit vinegars (incl. yuzu),More harmonious vinegars,retail,2026-09-28
Sanchez Romero (Spanish gourmet supermarket),Las 10 tendencias gastronomicas del 2026,2025-12-29,https://sanchez-romero.com/almagourmet/actualidad/tendencias-gastronomicas-del-2026/,yuzu,Named via fruit vinegars,retail,2026-09-28
Sanchez Romero (Spanish gourmet supermarket),Las 10 tendencias gastronomicas del 2026,2025-12-29,https://sanchez-romero.com/almagourmet/actualidad/tendencias-gastronomicas-del-2026/,pistachio,Framed as gourmet fibre,retail,2026-09-28
Sanchez Romero (Spanish gourmet supermarket),Las 10 tendencias gastronomicas del 2026,2025-12-29,https://sanchez-romero.com/almagourmet/actualidad/tendencias-gastronomicas-del-2026/,chipotle,"Smoky flavour, not just heat",retail,2026-09-28
Sanchez Romero (Spanish gourmet supermarket),Las 10 tendencias gastronomicas del 2026,2025-12-29,https://sanchez-romero.com/almagourmet/actualidad/tendencias-gastronomicas-del-2026/,fermented teas (pu-erh),Functional fermented teas,retail,2026-09-28
Sanchez Romero (Spanish gourmet supermarket),Las 10 tendencias gastronomicas del 2026,2025-12-29,https://sanchez-romero.com/almagourmet/actualidad/tendencias-gastronomicas-del-2026/,umami / aged cheese (Cabrales),Light but flavourful umami products,retail,2026-09-28
Sanchez Romero (Spanish gourmet supermarket),Las 10 tendencias gastronomicas del 2026,2025-12-29,https://sanchez-romero.com/almagourmet/actualidad/tendencias-gastronomicas-del-2026/,salted caramel / cheesecake,Reinvented classics,retail,2026-09-28
InfoHoreca (on Madrid Fusion 2026),Madrid Fusion 2026 marca las grandes tendencias gastronomicas del futuro,2026-01-27,https://www.infohoreca.com/noticias/20260127/madrid-fusion-2026-tendencias-gastronomicas-cliente-experiencia,umami drinks,"Liquid gastronomy (Dabiz Munoz menu) - an example, not a trend call",restaurant,2026-09-28
InfoHoreca (on Madrid Fusion 2026),Madrid Fusion 2026 marca las grandes tendencias gastronomicas del futuro,2026-01-27,https://www.infohoreca.com/noticias/20260127/madrid-fusion-2026-tendencias-gastronomicas-cliente-experiencia,garum (hare and wood pigeon),Mentioned as an experimental broth - not a trend call,restaurant,2026-09-28
Canariasgourmet (on San Sebastian Gastronomika 2025),San Sebastian Gastronomika 2025: cocinas que regeneran...,2025-10-04,https://www.canariasgourmet.es/san-sebastian-gastronomika-2025-cocinas-que-regeneran-territorios-que-dialogan-sabores-que-construyen-futuro/,fermentation / preservation,Congress theme: tradition and regeneration,restaurant,2026-09-28
Canariasgourmet (on San Sebastian Gastronomika 2025),San Sebastian Gastronomika 2025: cocinas que regeneran...,2025-10-04,https://www.canariasgourmet.es/san-sebastian-gastronomika-2025-cocinas-que-regeneran-territorios-que-dialogan-sabores-que-construyen-futuro/,local seafood / dried fish,'Ocean as pantry' theme,restaurant,2026-09-28
Pinterest,"Pinterest Predicts 2026 (business blog, AU)",2025-12-10,https://business.pinterest.com/en-au/blog/pinterest-predicts-2026-turn-trends-into-unlimited-possibilities/,pickles / pickle seasoning,'Pickle Fix' trend,home,2026-09-28
Pinterest,"Pinterest Predicts 2026 (business blog, AU)",2025-12-10,https://business.pinterest.com/en-au/blog/pinterest-predicts-2026-turn-trends-into-unlimited-possibilities/,gummies,'Gimme Gummy' trend,home,2026-09-28
