ingredient,claim_paraphrase,figure_if_any,source_publisher,title,pub_date,url,evidence_type,region,retrieved_on
cocoa,Canadian pastry chefs say chocolate prices have soared; molten chocolate cake largely gone from pub/bistro menus; top chefs use high-quality chocolate more sparingly rather than change menus,chocolate prices up nearly 400 percent between 2023 and March 2025 (as printed),Canada's 100 Best,All That Glitters,2025-06-06,https://canadas100best.com/stories/rising-chocolate-prices/,restaurant_response,Canada,2026-09-28
cocoa,"Chef Patrice Demers (Sabayon, Montreal) says tasting-menu diners accept higher dessert prices more than pastry-shop customers; uses best chocolate sparingly to protect margin",,Canada's 100 Best,All That Glitters,2025-06-06,https://canadas100best.com/stories/rising-chocolate-prices/,restaurant_response,Canada,2026-09-28
cocoa,"Cocoa futures slid about 70% from late-2024 records; makers had shrunk bars, added wafers/fruit/nuts and launched chocolate alternatives; Hershey to revert to original recipes next year","cocoa nearly tripled to above $12,000 a metric ton in 2024; near 70% slide from late-2024 records (May 2026)",Reuters,"As cocoa prices melt down, real chocolate is making a comeback",2026-05-20,https://www.reuters.com/business/cocoa-prices-melt-down-real-chocolate-is-making-comeback-2026-05-20/,price_data,Global,2026-09-28
cocoa,Barry Callebaut says at current cocoa prices real chocolate can be cheaper than vegetable-fat compound alternatives; some customers returning to chocolate,,Reuters,"As cocoa prices melt down, real chocolate is making a comeback",2026-05-20,https://www.reuters.com/business/cocoa-prices-melt-down-real-chocolate-is-making-comeback-2026-05-20/,substitution,Global,2026-09-28
cocoa,"Cocoa-free alternative ChoViva (sunflower seeds and oats, Planet A Foods) sold via Barry Callebaut partnership; analysts expect some alternatives to remain in mass market",,Reuters,"As cocoa prices melt down, real chocolate is making a comeback",2026-05-20,https://www.reuters.com/business/cocoa-prices-melt-down-real-chocolate-is-making-comeback-2026-05-20/,substitution,Global,2026-09-28
cocoa,Analyst Steve Wateridge: cocoa demand could hit nine-year lows in 12 months to end-September 2026; demand recovery expected; price changes take ~10 months to reach retail,~10 months lag cocoa to retail chocolate price,Reuters,"As cocoa prices melt down, real chocolate is making a comeback",2026-05-20,https://www.reuters.com/business/cocoa-prices-melt-down-real-chocolate-is-making-comeback-2026-05-20/,demand_driver,Global,2026-09-28
cocoa,US cocoa futures plunged ~70% from late-2024 peak but consumer chocolate prices have not fallen; Hershey sees no change in pricing environment,"US cocoa futures (continuous) $3,889 on May 21, 2026 (FactSet via Axios chart)",Axios,Cocoa prices have tumbled. Chocolate prices haven't,2026-05-22,https://www.axios.com/2026/05/22/cocoa-chocolate-hershey-prices,price_data,US,2026-09-28
cocoa,"Cocoa rose from ~$2,300-2,500/t (2021-22) to record >$12,000/t in 2024, averaged ~$7,000-8,000 early 2025, then fell sharply late 2025/early 2026; attributes shortage to West African weather, black pod, CSSV","$2,300-2,500 per metric ton 2021-2022; >$12,000/t 2024; ~$7,000-8,000 early 2025",IFT Food Technology Magazine,Chocolate's Next Act,2026-07-09,https://www.ift.org/food-technology-magazine/chocolates-next-act,price_data,Global,2026-09-28
cocoa,"Cocoa-free analog Win-Win Choc (fermented rice, some carob and sunflower) featured at London's TOAD Bakery, Lyaness and Apricity; investor says bakeries and pastry shops already use it",,IFT Food Technology Magazine,Chocolate's Next Act,2026-07-09,https://www.ift.org/food-technology-magazine/chocolates-next-act,substitution,London,2026-09-28
cocoa,"Foreverland's Choruba (carob, pumpkin seeds, chickpeas) used by Italian confectioners Dulciar, Walcor, Maxtris and Slovenian ice cream maker Incom Leone; Barry Callebaut-Planet A (ChoViva, sunflower) partnership Nov 2025",,IFT Food Technology Magazine,Chocolate's Next Act,2026-07-09,https://www.ift.org/food-technology-magazine/chocolates-next-act,substitution,EU,2026-09-28
cocoa,"Cargill says cocoa-free alternatives can be up to 50% cheaper than chocolate; Ardent Mills launched wheat-based product replacing up to 25% of cocoa powder in cakes, brownies, cookies; carob described as long-niche",up to 50% cheaper (Cargill claim); up to 25% of cocoa powder replaced (Ardent Mills),Food Dive,Can chocolate substitutes step in as cocoa prices soar?,2025-07-03,https://www.fooddive.com/news/chocolate-alternatives-cocoa-prices-cargill-voyage-foods/752183/,substitution,US,2026-09-28
cocoa,US chocolate unit sales fell close to 5% in 2024,"close to 5% decline in chocolate unit sales, 2024 (US)",Food Dive,Can chocolate substitutes step in as cocoa prices soar?,2025-07-03,https://www.fooddive.com/news/chocolate-alternatives-cocoa-prices-cargill-voyage-foods/752183/,demand_driver,US,2026-09-28
cocoa,"Tastewise tracker page: chocolate social conversations down year-on-year; share of (US) restaurants offering chocolate dishes. Denominator = Tastewise's US restaurant menu database (size, date window not stated); not a time series, so cannot show a price-driven decline","23.32% decline in social conversations (YoY, window unstated); 56.75% of restaurants offering it (page updated 2025-08-25)",Tastewise,Chocolate Trends: Data And Analytics,2025-08-25 (og:updated_time),https://tastewise.io/foodtrends/chocolate,demand_driver,US,2026-09-28
pistachio,Trader Giles Hacking (CG Hacking) attributes kernel price surge to Dubai chocolate craze; says pistachio world 'basically tapped out',kernel prices from $7.65/lb a year earlier to ~$10.30/lb (April 2025),Financial Times,Dubai chocolate sparks pistachio shortage as TikTokers go nuts,2025-04-18,https://www.ft.com/content/1844d9c9-e4a0-486d-b09c-53e780eff4e1,price_data,Global,2026-09-28
pistachio,"Supply side also tight: disappointing 2024 US harvest, and higher-quality crop sold in-shell, leaving fewer shelled kernels for food use; FT chart shows California supply down",California pistachio supply fell 20% in 12 months to February 2025 (FT chart headline),Financial Times,Dubai chocolate sparks pistachio shortage as TikTokers go nuts,2025-04-18,https://www.ft.com/content/1844d9c9-e4a0-486d-b09c-53e780eff4e1,supply,US,2026-09-28
pistachio,Iran exported 40% more pistachios to UAE in six months to March 2025 than in prior full 12 months (Iran customs); 2023 had been a glut with price drop that made pistachio paste/butter plentiful,"40 per cent more to UAE, 6 months to March 2025 vs prior 12 months",Financial Times,Dubai chocolate sparks pistachio shortage as TikTokers go nuts,2025-04-18,https://www.ft.com/content/1844d9c9-e4a0-486d-b09c-53e780eff4e1,demand_driver,Iran/UAE,2026-09-28
pistachio,Viral TikTok video (Dec 2023) drove Dubai chocolate craze; Läderach CEO says demand overwhelming; Prestat struggling to procure kataifi; Lindt UK Dubai bar priced at more than double its other bars,"TikTok clip >120mn views; Lindt Dubai bar £10 for 145g (UK, April 2025)",Financial Times,Dubai chocolate sparks pistachio shortage as TikTokers go nuts,2025-04-18,https://www.ft.com/content/1844d9c9-e4a0-486d-b09c-53e780eff4e1,demand_driver,UK/Global,2026-09-28
pistachio,Guardian/Observer relays FT report: shops rationing Dubai-style bars; kernels largely from US or Iran,$7.65 to $10.30 a pound in a year (citing FT),The Guardian (Observer),TikTok trend for 'Dubai chocolate' causes international shortage of pistachios,2025-04-19,https://www.theguardian.com/food/2025/apr/19/tiktok-trend-for-dubai-chocolate-causes-international-shortage-of-pistachios,demand_driver,UK/Global,2026-09-28
pistachio,"Terrain Ag analyst Matt Woolf: demand (partly Dubai chocolate) has absorbed huge production growth; Google searches for the trend peaked March 2025 but pistachio demand stayed strong in coffee drinks, cookies, ice cream",California production up ~484% over past decade; 2025 record 1.6 billion lb crop; 2026 estimate ~700-800 million lb,The Packer (Farm Journal),"California's Pistachio Crop Could Fall Below 1 Billion Pounds, Tightening Supplies as Demand Stays Strong",2026-07-20,https://www.thepacker.com/news/californias-pistachio-crop-could-fall-below-1-billion-pounds-tightening-supplies-demand-stay,demand_driver,US/Global,2026-09-28
pistachio,March 2026 heat wave disrupted pollination in San Joaquin Valley; Wonderful Pistachios & Almonds says prices will rise ('measured adjustment'); Kern County requested disaster declaration,"~$800 million combined loss across >337,000 acres (Fresno, Kern, Tulare); Kern lost 56% of expected production (2026 crop, per reports cited)",New York Post / California Post,Pistachio prices skyrocket after California crop disaster,2026-08-05,https://nypost.com/2026/08/05/business/pistachio-prices-rise-after-california-heat-destroys-crops/,supply,US,2026-09-28
matcha,Kyoto heatwave in 2024 cut 2025 tencha yields; social media virality in autumn 2024 turbocharged demand; wholesalers (e.g. Singapore's Tealife) imposed purchase limits,"Kyoto May 2025 tencha auction 8,235 yen/kg, +170% y/y, prior record 4,862 yen (2016), per Global Japanese Tea Association",Reuters,Japan's heat-stressed matcha tea output struggles to meet soaring global demand,2025-07-04,https://www.reuters.com/business/japans-heat-stressed-matcha-tea-output-struggles-meet-soaring-global-demand-2025-07-04/,price_data,Japan,2026-09-28
matcha,"MAFF export data: green tea exports incl. matcha up strongly in 2024, driven largely by powdered teas; tencha production nearly 2.7x ten years earlier (Japanese Tea Production Association)","exports +25% by value to 36.4 billion yen ($252m) in 2024; +16% by volume; tencha output 5,336 tons in 2024",Reuters,Japan's heat-stressed matcha tea output struggles to meet soaring global demand,2025-07-04,https://www.reuters.com/business/japans-heat-stressed-matcha-tea-output-struggles-meet-soaring-global-demand-2025-07-04/,demand_driver,Japan/Global,2026-09-28
matcha,"JA Zennoh Kyoto first tencha tender of 2026 (13 May, Ujicha distribution centre): highest average in past 10 years; 375 lots, 25,188 kg offered, 50 companies","average 14,127 yen/kg (2026 first tender); high 40,021, low 7,200; 2025 first tender avg 8,235 yen/kg on 1,678 kg",Shokuhin Shimbun (食品新聞),碾茶初入札 過去10年で最高値 平均1万4千円/kg JA全農京都,2026-05-21,https://shokuhin.net/145060/2026/05/21/inryou/inryou-inryou/,price_data,Japan,2026-09-28
matcha,"US importer Kettl (Zach Mangan): demand structurally outruns supply; first-harvest high-grade matcha will not meet global demand; suggests exploring other regions, cultivars, second-harvest teas. NB its 2025 figure is a different series from the first-auction averages","Kyoto first-flush machine-harvested tencha auction averages: 2024 ¥5,402/kg; 2025 ¥14,541/kg (+169%); 2026 ~¥23,000 described as illustrative estimate",Kettl (importer blog),Matcha Pricing: 2026 Update,2026-06-10,https://kettl.co/blogs/kettl-tea-blog/matcha-pricing-2026-update,price_data,Japan/US,2026-09-28
matcha,"Tastewise data cited: consumer social interest in matcha up; average price of matcha items in foodservice up; Denver cafe switched suppliers three times, one supplier raised prices 150% in July 2025","+19% YoY social interest; +14% average foodservice matcha item price; organic matcha cost +21.4% YoY (window unstated, 2025)",Fresh Cup,The Matcha Boom Is Reshaping Cafes. How Long Before It Hits a Wall?,2025-09-17,https://freshcup.com/the-matcha-boom-is-reshaping-cafes-how-long-before-it-hits-a-wall/,restaurant_response,US,2026-09-28
matcha,Bay Area responses: Breadbelly paused matcha drinks due to shortage from Kyoto supplier; Blue Willow Tea raised prices ~20% vs costs roughly doubled; Andytown faced 60% supplier price jump and tested blends; Forest Tea Bar pushing hojicha and genmaicha lattes as alternatives,"~20% retail price rise vs ~2x cost (Blue Willow); 60% supplier price jump (Andytown), Aug 2025",San Francisco Chronicle,The Bay Area may be running out of matcha,2025-08-27,https://www.sfchronicle.com/food/restaurants/article/matcha-price-menu-bay-area-21015350.php,substitution,US (SF),2026-09-28
hazelnut,"April 2025 frost in Turkey (supplies more than two-thirds of world hazelnuts); prices jumped as exporters rushed to buy; Turkish futures briefly above 200 lira/kg; Ferrero says no supply disruption expected; buyers looking to Chile, Georgia, US",prices up over 35% since April 2025; futures >200 lira ($4.91) per kg; predictions of $10/kg internationally,DW,Turkey's hazelnut frost threatens chocolate supply chains,2025-08-12,https://www.dw.com/en/turkey-hazelnut-chocolate-prices/a-73478241,price_data,Turkey/EU,2026-09-28
hazelnut,"Crop estimates diverge: TurkStat June estimate vs INC citing Black Sea Exporters' Association; INC says frost cost ~167,000 t vs initial fears ~250,000 t; 2022 carryover (~150,000 t) now exhausted","TurkStat 520,000 t (June 2025) vs ~750,000 t expected; INC: forecast cut nearly 22% to ~601,000 t in-shell",DW (quoting TurkStat and INC),Turkey's hazelnut frost threatens chocolate supply chains,2025-08-12,https://www.dw.com/en/turkey-hazelnut-chocolate-prices/a-73478241,supply,Turkey,2026-09-28
hazelnut,"INC Sept-Oct 2025 update: Turkish 2025 crop below expectations (drought in west cut yields, kernel size); prices at historic highs so carryover withheld; exports and domestic consumption expected to fall; Italy crop hit by premature fruit drop; Chile harvest exceeded projections","industry estimates 450,000-550,000 MT in-shell (Turkey 2025); 2024/25 exports 309,000 MT kernel basis",INC International Nut & Dried Fruit Council,Hazelnut Crop Update & Outlook,2025-11-12,https://inc.nutfruit.org/hazelnut-crop-update-outlook/,supply,Turkey/Italy/Chile/US,2026-09-28
hazelnut,"UK importer: Turkish crop down >40%, top-grade availability down up to 70%; kernel yield fell from typical 50% to as low as 41%; Italy harvest roughly halved","Italy ~60,000 mt vs 120,000 mt projected (Oct 2025)",Chelmer Foods (UK importer),Hazelnut Harvest Update 22.10.25,2025-10-22,https://www.chelmerfoods.com/news/hazelnut-harvest-update-22-10-25/,supply,Turkey/Italy/UK,2026-09-28
olive oil,IOC: world production rebounded 38% in 2024/25 after 2023/24 low; Spain +66%; 2025/26 forecast -4%; EVOO producer prices lower y/y in Dec 2025,"world 3,572,000 t 2024/25 (+38%); 2,589,000 t 2023/24; Spain 1,419,000 t (+66%); 2025/26 est 3,440,000 t; Jaén EVOO €433/100kg week 8-14 Dec 2025 (-11% y/y); Bari €665/100kg (-30%)",International Olive Council,Olive sector statistics – December 2025 and forecasts,2026-01-12,https://www.internationaloliveoil.org/olive-sector-statistics-december-2025-and-forecasts/,price_data,EU/Global,2026-09-28
olive oil,Filippo Berio UK MD expects bumper 2024/25 Spanish harvest to rebase market after drought years; shelf price falls lag to Dec/Jan; UK own-label olive oil up sharply y/y,"UK own-label 1L up 34% to £7.68 y/y (Grocer KVI, Sept 2024); new-season EVOO €5,000-6,000/t vs €7,800/t recent IOC avg and €9,000/t record earlier in 2024; Spain 1.4mt forecast vs 850,000 t prior",The Grocer,Olive oil prices to finally fall as Spain expects bumper harvest,2024-09-10,https://www.thegrocer.co.uk/news/olive-oil-prices-to-finally-fall-as-spain-expects-bumper-harvest/695294.article,price_data,UK/Spain,2026-09-28
olive oil,Spanish bars/restaurants responded to olive oil spike: one Madrid bar charges extra for a second oil single-dose and raised tostada breakfast price; a centenary Galician restaurant in Madrid switched to spray on the plancha and planned menu price rises; Hostelería de España president expects some switching to cheaper oils; one bar owner admitted refilling branded bottle with cheaper oil (anecdote),"olive oil up almost 40% in a year; ~10 euros/litre vs a little over 5 a year earlier (Sept 2023); ~280,000 bars and restaurants in Spain; 2022/23 Spanish harvest ~660,000 t, less than half a normal year (COAG)",El Español (Invertia),El precio del aceite de oliva presiona a la hostelería y las conserveras: 'La tostada con aceite ahora es un lujo',2023-09-03,https://www.elespanol.com/invertia/empresas/20230903/precio-aceite-oliva-presiona-hosteleria-conserveras-tostada-ahora-lujo/791171087_0.html,restaurant_response,Spain (Madrid),2026-09-28
coffee,"ICO: I-CIP fell in Dec 2025 on improved supply outlook, rescinded US tariffs, weaker real; market had deficits in 3 of 4 years 2021/22-2024/25; European consumer stocks nearly halved; in calendar 2025 Robusta fell while Arabica rose","I-CIP avg 304.68 US cents/lb Dec 2025 (-7.8% m/m); peak 343.92 on 11 Nov 2025; Feb-25 avg 354.32; cumulative deficit 17.91 million bags; EU consumer stocks 7.86m bags (31 Oct 2025) vs 15.04m start 2022/23; Robusta -16.7% in 2025, Arabica +6.2% to +9.4%",International Coffee Organization,Coffee Market Report – December 2025,2026-01 (report for Dec 2025),https://www.ico.org/documents/cy2025-26/cmr-1225-e.pdf,price_data,Global,2026-09-28
coffee,"ICO March 2026 report (via Comunicaffè): I-CIP rebounded after three monthly declines on Middle East crisis (Strait of Hormuz blockade, freight, fertiliser risk) despite forecasts of a record 2026/27 Brazil crop (>75m bags) and a surplus",I-CIP 273.70 US cents/lb March 2026 avg (+2.3% m/m); Rabobank 2026/27 surplus 8.64m bags,Comunicaffè International (reporting ICO),"ICO Market Report: The crisis in the Middle East pushed coffee prices up in March, despite an improved global supply outlook",2026-04-14,https://www.comunicaffe.com/ico-report-the-crisis-in-the-middle-east-pushed-coffee-prices-up-in-march-despite-improved-production-prospects/,price_data,Global,2026-09-28
coffee,"Guardian (syndicated on AOL) on UK cafe prices: Lavazza's Regent Street cafe raised flat white prices; Grind founder says green bean cost more than doubled since 2024; Grind shows cost breakdown with thin profit per cup. NB page read via summarising fetch tool, verify exact wording before quoting","Lavazza Regent St flat white £4 to £4.40 takeaway, £5.50 to £6.50 dine-in; Grind flat white £4.10 with 18p profit; Lavazza: arabica +230%, robusta +325% since 2021",The Guardian (via AOL syndication),"First the £10 pint, now the £6.50 flat white: coffee industry faces inflationary pressures",2026-07-13,https://www.aol.co.uk/articles/first-10-pint-now-6-090043000.html,restaurant_response,UK (London),2026-09-28
butter,"AP (via Fast Company): EU butter prices rose sharply Oct 2023-Oct 2024, driven by lower milk output, farm closures, energy costs, bluetongue, farmers shifting milk to cheese; Paris pastry chef Arnaud Delmontel refuses to switch croissants to margarine, absorbs cost in margin. NB read via summarising fetch tool","EU average +19% (Oct 2023 to Oct 2024); Germany +40%, Slovakia +49%; France +25% since Sept 2024; Poland +49.2% y/y (early Dec 2024)",Associated Press (via Fast Company),Butter prices are soaring. What's behind the surge rattling chefs and consumers?,2024-12-20,https://www.fastcompany.com/91250949/butter-prices-soaring-whats-behind-surge-rattling-chefs-consumers,price_data,EU,2026-09-28
eggs,US avian flu egg shortage: Waffle House added a per-egg surcharge from February 2025 and dropped it by mid-2025; Denny's dropped its surcharge late May 2025; a San Diego chain manager said prices almost quadrupled at the peak. NB read via summarising fetch tool; exact pub date from URL,"50 cent per-egg surcharge (Feb-Jun 2025); retail egg prices in May 2025 still up >40% y/y; ~285 million laying hens at 1 June 2025, down >6% y/y and nearly 13% vs early 2022 (USDA)",NPR,Waffle House drops egg surcharge as prices fall back to Earth,2025-07-01,https://www.npr.org/2025/07/01/nx-s1-5453567/waffle-house-egg-prices-surcharge,restaurant_response,US,2026-09-28
beef,"AHDB: GB deadweight steer price rose sharply in 2025 on tighter supply (slaughter down, fewer cattle aged 18-24 months); retail beef prices up with steaks steepest. NB read via summarising fetch tool",GB steer £6.98/kg deadweight w/e 10 May 2025; +25% since w/e 4 Jan 2025; £2.11/kg above year earlier; Jan-Apr 2025 slaughter -4% (head) y/y; retail beef price +6% y/y (12 w/e 20 Apr 2025),AHDB,Beef market update: taking stock of the beef price,2025-05-16,https://ahdb.org.uk/news/beef-market-update-taking-stock-of-the-beef-price,price_data,UK,2026-09-28
beef,"UK contract caterer allmanhall argues rising meat prices could force menu rethink, promoting part-veg blended burger; cites GB deadweight price and herd decline. Supplier marketing content, not independent. NB read via summarising fetch tool","deadweight £7.13/kg (June 2025), 39% above June 2024; never above £5/kg before May 2023",allmanhall (UK food procurement/catering),Rising meat prices could force a menu rethink,2025-04-11 (modified 2026-02-26),https://allmanhall.co.uk/blog/rising-meat-prices-could-force-a-menu-rethink,substitution,UK,2026-09-28
vanilla,Madagascar vanilla export revenue slumped on Asian competition and price liberalisation; volumes nearly doubled while unit price collapsed (only paywall-free lede read),"revenue $52.9m Q1 2024 vs $144.9m a year earlier (-64%); 1,125 t shipped; price down 81% to $47.1/kg",Bloomberg,"Madagascar Vanilla Sales Drop on Competition, Market Liberalization",2024-08-22,https://www.bloomberg.com/news/articles/2024-08-22/madagascar-vanilla-sales-drop-64-on-competition-and-market-liberalization,price_data,Madagascar/Global,2026-09-28
vanilla,"US extract maker Cook's: Madagascar customs only allow exports priced $50-70/kg, limiting exports late 2024-early 2025; 2025 crop expected abundant; sector faces prolonged historically low prices and oversupply. Seller's report; NB read via summarising fetch tool","$50-$70 per kilo export window; ~4,300 MT exported H1 2024",Cook's Vanilla (supplier),Vanilla Market Report March 2025,2025-03-27,https://cooksvanilla.com/blogs/news/vanilla-market-report-march-2025,supply,Madagascar/Global,2026-09-28
saffron,Spice seller blog citing Mundus Agri: EU saffron imports Jan-Aug 2025 hit record spend on elevated unit prices. Weak/secondary source (seller blog relaying trade brief); unit value approximate; NB read via summarising fetch tool,just under 90 tonnes Jan-Aug 2025; spend +42% y/y; unit value mid-€600s/kg,"Majestic Spice (seller blog, citing Mundus Agri)",EU Saffron Imports Set a Record Spend in 2025,2025-09-23,https://majesticspice.com/eu-saffron-imports-record-spend-2025/,price_data,EU,2026-09-28
ube,"Philippines indefinitely banned fresh ube exports to protect planting material and capture global demand driven by social media; ube now in cafes, bakeries and Michelin restaurants in US/UK; Starbucks and Costa launched ube drinks in 2026; ban excludes processed/frozen ube (main restaurant input); London Filipino cafe Kapihan and UK bakery Panadera/restaurant Donia expect/manage supply squeeze","farmgate 100-150 pesos ($1.59-2.38)/kg, prices more than doubled in recent years (Philippine media); H1 2026 output +17% to 5,660 t; US menu prevalence more than tripled 2021-2025 per Datassential (denominator not given)",Financial Times,Philippines' ube export ban threatens end of purple patch,2026-09-21,https://www.ft.com/content/d16ccf5f-2b17-45ca-a16a-2275c82d23dd,demand_driver,Philippines/US/UK,2026-09-28
ube,BMI analyst: manufacturers could switch to alternative purple crops such as sweet potato; China and Vietnam accelerating ube cultivation,,Financial Times,Philippines' ube export ban threatens end of purple patch,2026-09-21,https://www.ft.com/content/d16ccf5f-2b17-45ca-a16a-2275c82d23dd,substitution,Global,2026-09-28
cocoa,"Record cocoa price early 2025; Barry Callebaut volumes fell, steepest in Western Europe; futures market inverted, removing usual hedging protection. NB read via summarising fetch tool","$10.75/kg on 31 Jan 2025 (article: highest in 60 years); Barry Callebaut H1 2024/25 volumes -4.7% y/y, Western Europe -7.6%",ConfectioneryNews,Record cocoa prices in 2025 reshape chocolate production and global markets,2025-05-09,https://www.confectionerynews.com/Article/2025/05/09/record-cocoa-prices-in-2025-reshape-chocolate-production-and-global-markets/,price_data,Global/EU,2026-09-28
cocoa,ICCO August 2026 bulletin: 2024/25 season swung to small surplus as production recovered and grindings (demand proxy) fell; ICCO flags El Niño risk later in 2026. NB read via summarising fetch tool,"2024/25: production 4.733 Mt (+8.5%), grindings 4.649 Mt (-3.3%), surplus 37,000 t, stocks-to-grindings 28.2%",ICCO International Cocoa Organization,August 2026 Quarterly Bulletin of Cocoa Statistics,2026-08-31,https://www.icco.org/august-2026-quarterly-bulletin-of-cocoa-statistics/,supply,Global,2026-09-28
pistachio,"Puratos (bakery ingredient supplier) Taste Tomorrow: pistachio online popularity rose sharply, sparked by Dubai chocolate, strongest in US, India, UK, Canada, Turkey; growth now stabilising into a staple. Metric, source and denominator NOT specified; NB read via summarising fetch tool",online popularity +72% over past year (undefined metric),Puratos USA (supplier blog),"After 72 percent growth the past year, where does pistachio go now?",2026-02-18,https://www.puratos.us/en/blog/taste-tomorrow/after-72-percent-growth-the-past-year-where-does-pistachio-go-now,demand_driver,Global,2026-09-28
matcha,"Finance Ministry customs data (FY ending March 2026): green tea exports surged on matcha demand, powdered tea ~70% of volume; sencha exports fell; tencha output rose four straight years through 2024; some growers shifting from sencha to tencha; Japan's green tea imports (China etc.) rose; record 13 tea producers shut in 2025 (Teikoku Databank)","exports 13,125 t FY2025 (+42%); value 84.7 billion yen (2.2x); imports 5,801 t (+82%)",Jiji Press (via The Nation Thailand),Global matcha boom sends Japan green tea exports sharply higher,2026-05-01,https://www.nationthailand.com/blogs/news/world/40065730,demand_driver,Japan/Global,2026-09-28
cocoa,"DR: cocoa up ~80% since Sept 2024 per ICCO; Copenhagen's Friis-Holm Chocolate Factory saw 20-25% cost rises but less hit because it buys direct from South American producers; founder expects cocoa to reach at least 12,000 EUR/t; also cites rising Chinese demand; Leonidas CEO says Belgian sales stalled","cocoa 9,876 EUR/t (73,440 DKK) on 12 Dec 2024; ~10,300 EUR/t in April 2024; +~80% since Sept 2024 (ICCO); Friis-Holm cost rise 20-25%",DR (Danish Broadcasting Corporation),Prisen på chokolade stiger voldsomt. Forhandler forudser endnu vildere priser,2024-12-15,https://www.dr.dk/nyheder/penge/prisen-paa-chokolade-stiger-voldsomt-forhandler-forudser-endnu-vildere-priser,restaurant_response,Denmark (Copenhagen),2026-09-28
general (pastry),"TV 2 Kosmopol price check of Copenhagen fastelavnsboller 2026: wide price spread, several bakeries up vs prior years; article attributes rises to general food price inflation, NOT to a named ingredient. NB read via summarising fetch tool whose table looked inconsistent; re-check figures on page before use","47 DKK spread between most and least expensive bun (2026); Andersen Bakery 68 DKK (2026, per summary)",TV 2 Kosmopol,Voldsom hype: Så meget er prisen på din fastelavnsbolle steget,2026 (exact date not captured),https://www.tv2kosmopol.dk/metropolen/der-er-gaet-inflation-i-fastelavnsbollerne-bogstaveligt-talt-e3f1f,restaurant_response,Denmark (Copenhagen),2026-09-28
cocoa,"EFE: Spanish Easter pastry (torrijas, monas) faced higher egg and cocoa costs but no figures given; Barcelona guild president says traditional 'Cristina' mona declining while chocolate-figure monas grow each year. NB read via summarising fetch tool","Gremi de Pastisseria projects 900,000 monas in Catalonia (Easter 2025); Asempas 7 million torrijas (Madrid)",EFE (via Infobae),Las torrijas y monas exhiben creatividad por Pascua pese a los precios de huevos y cacao,2025-04-06,https://www.infobae.com/espana/agencias/2025/04/06/las-torrijas-y-monas-exhiben-creatividad-por-pascua-pese-a-los-precios-de-huevos-y-cacao/,restaurant_response,Spain (Barcelona/Madrid),2026-09-28
cocoa,"CatalunyaPress: 2026 mona prices held nearly flat despite higher chocolate and egg costs, which the sector says it absorbed via efficiency; cocoa's fall came too late to affect 2026 monas. NB read via summarising fetch tool","average mona ~25 EUR, +~0.75 EUR y/y; range 25-80 EUR; ~800,000 monas (2026); Easter = 15-20% of annual pastry-shop sales",CatalunyaPress,Monas de Pascua 2026: tradición catalana entre los 25 y los 80 euros y una creatividad desbordante,2026-04-05,https://www.catalunyapress.es/articulo/economia/2026-04-05/5833177-mona-pascua-mantiene-precio-pese-inflacion-refleja-tensiones-economicas-sociales,restaurant_response,Spain (Catalonia),2026-09-28
cocoa,"Barry Callebaut academy chef Mark Tilling (Bakers Gathering, UCB) advised UK bakers to consider compound chocolate (shea, illipe, coconut, palm fats) for muffins/cookies and to raise cocoa powder share for flavour at lower cost; flags alternatives from sunflower, rapeseed, carob; warns compound behaves differently for dipping/toppings. NB read via summarising fetch tool; pub date not captured","cocoa projected £5,000-6,000/t, stabilising over 2-3 years; peak £10,000/t (Easter, year per article)",British Baker (bakeryinfo.co.uk),Bakers advised to use compound chocolate as cocoa prices stay high,not captured (verify on page),https://bakeryinfo.co.uk/ingredients/bakers-advised-to-use-compound-chocolate-as-cocoa-prices-stay-high/701017.article,substitution,UK,2026-09-28
pistachio,"FoodNavigator attributes shortage to Dubai chocolate plus US supply shortfall; cites no primary industry source (euro figures appear to be conversion of FT's $7.65->$10.30/lb, i.e. same single trader quote). NB read via summarising fetch tool",€6.65/lb last year to €8.96/lb (April 2025); '20% supply shortage in the States'; Iran exports to UAE +40% (6 months to March 2025),FoodNavigator,Why is there a pistachio nut shortage for Dubai chocolate?,2025-04-24,https://www.foodnavigator.com/Article/2025/04/24/why-is-there-a-pistachio-nut-shortage-for-dubai-chocolate/,price_data,EU/Global,2026-09-28
pistachio,"WPXI (Pittsburgh) local confectioners: Sinful Sweets sells out Dubai-style bars weekly, bulk pistachio supply exhausted, now buys retail; Sarris Candy has not raised prices despite cocoa jump. Administrative Committee for Pistachios says 2024 crop near sell-out. Pub date not shown on page; NB read via summarising fetch tool","cocoa $2,200/t to $9,400/t over prior 18 months (per Sarris); 2025 California crop expected 1.6 billion lb",WPXI Channel 11 (via Yahoo News),"Pistachio shortage impacting local chefs, candymakers",not stated (c. 2025),https://www.yahoo.com/news/pistachio-shortage-impacting-local-chefs-223908092.html,restaurant_response,US,2026-09-28
beef,Fortune: US beef at record prices with cattle herd at 75-year low; K-State economist Glynn Tonsor says rising US consumer beef demand in each of last two years is pulling prices up (demand as well as supply); USDA forecasts further 2026 rise. Page shows publish/update date 20 June 2026 though URL dated 22 Apr 2026. NB read via summarising fetch tool,"ground beef $6.90/lb (April 2026 record); steaks $12.80/lb avg (May 2026, +16% y/y); USDA 2026 forecast +10.1% (range 2.8-18.3%); herd down 8.2m head (8.6%) vs 2020",Fortune,Beef is becoming a luxury as prices stay at record highs. They likely won't come down anytime soon,2026-04-22 (page shows 2026-06-20),https://fortune.com/2026/04/22/beef-prices-record-high-wont-come-down-2028/,demand_driver,US,2026-09-28
butter,"AHDB: UK wholesale butter prices fell sharply by Nov 2025 vs a year earlier; retail butter prices expected to start falling around April 2026, steeper from June, with lags. NB read via summarising fetch tool",UK wholesale butter 35% lower in Nov 2025 than Nov 2024,AHDB,Consumer insight: What do the falls in dairy commodity prices mean for retail and shoppers?,2025-12-11,https://ahdb.org.uk/news/consumer-insight-what-do-the-falls-in-dairy-commodity-prices-mean-for-retail-and-shoppers,price_data,UK,2026-09-28
