spice,evidence_type,claim_paraphrase,figure_if_any,source_publisher,title,pub_date,url,retrieved_on
cardamom (green),price_data,"Spices Board India e-auction results for small cardamom on 26 Sep 2026 show average prices around Rs 3,080-3,140/kg at two auctioneers.","KCPMC: 95,766.3 kg sold, max Rs 3,700/kg, avg Rs 3,142.65/kg; Green House Cardamom: 101,106.4 kg sold, max Rs 3,659/kg, avg Rs 3,077.4/kg (26-Sep-2026)",Spices Board India,Auction Details,2026-09-26 (auction date; live page),https://www.indianspices.com/dailyprice-auctiondetails.html,2026-09-28
cardamom (green),price_data,"Indian cardamom auction prices stayed above Rs 2,400/kg through 2025; outlook for 2026 described as stable to moderately bullish; a price fall to Rs 1,800-2,000 was possible if Indian and Guatemalan crops were both good.","'above Rs 2,400 a kg' (2025); possible Rs 1,800-2,000/kg next season",The Hindu BusinessLine (V Sajeev Kumar),Indian cardamom prices jump in 2025 on strong rains and export demand,2025-12-29,https://www.thehindubusinessline.com/economy/agri-business/indian-cardamom-prices-surge-in-2025-as-output-and-exports-rise/article70448590.ece,2026-09-28
cardamom (green),supply,"Guatemala (largest exporter) lost crop over two seasons; article quotes expected rebound to 17,000-20,000 t next season; India output 30,000-35,000 t expected.","Guatemala 17,000-20,000 t expected; India 30,000-35,000 t",The Hindu BusinessLine (V Sajeev Kumar),Indian cardamom prices jump in 2025 on strong rains and export demand,2025-12-29,https://www.thehindubusinessline.com/economy/agri-business/indian-cardamom-prices-surge-in-2025-as-output-and-exports-rise/article70448590.ece,2026-09-28
cardamom (green),trade_data,"Spices Board data: India's cardamom exports nearly doubled Apr-Oct 2025 vs same period 2024, attributed to Guatemalan crop failure.","6,827 t (Apr-Oct 2025) vs 3,663 t (Apr-Oct 2024)","The Hindu (Sandeep Vellaram), citing Spices Board of India",Crop failure in Guatemala boosts India's Cardamom exports,2026-01-06,https://www.thehindu.com/news/national/kerala/crop-failure-in-guatemala-boosts-indias-cardamom-exports/article70478429.ece,2026-09-28
cardamom (green),supply,"Guatemala output put at about 17,000 t this season vs 40,000-50,000 t in normal years (14,000 t the previous year); Kerala output 18,310 t (2024-25), ~22,000 t expected 2025-26.","Guatemala 17,000 t (season), normal 40,000-50,000 t; Kerala 18,310 t 2024-25; avg price Rs 2,300-2,600/kg",The Hindu (Sandeep Vellaram),Crop failure in Guatemala boosts India's Cardamom exports,2026-01-06,https://www.thehindu.com/news/national/kerala/crop-failure-in-guatemala-boosts-indias-cardamom-exports/article70478429.ece,2026-09-28
cardamom (green),trade_data,India's whole cardamom exports roughly tripled in value and doubled in volume in two years (Ministry of Commerce data).,"2025-26: US$436.8m, 16,399 t; 2023-24: US$131.9m, 7,083 t (Indian fiscal years)",ETAgriculture (Economic Times),India's cardamom export surge signals new era for spice trade,2026-07-20,http://agriculture.economictimes.indiatimes.com/news/markets-and-trade/indias-cardamom-export-surge-signals-new-era-for-spice-trade/132508739,2026-09-28
cardamom (green),price_data,"Domestic prices rose to Rs 3,000-3,300/kg; importers buying smaller, more frequent lots; monsoon variability; crop projection reduced to about 33,000 t. (Read via page summary only.)","Rs 3,000-3,300/kg; crop ~33,000 t projected",The Hindu BusinessLine (V Sajeev Kumar),Cardamom exports lose aroma as prices surge,2026-08-03,https://www.thehindubusinessline.com/economy/agri-business/cardamom-exports-lose-aroma-as-prices-surge/article71300027.ece,2026-09-28
cardamom (green),supply,US spice retailer's market notes (Jan/Feb 2024) reported weak Guatemalan harvests and surging cardamom prices.,none (qualitative),Spices Inc.,Food Industry Insights and News,2024-01-18 / 2024-02-08 (entries),https://spicesinc.com/blogs/food-industry-insights-and-news,2026-09-28
cardamom (green),forecast,"McCormick's 2026 Flavor Forecast names Black Currant as Flavor of the Year; cardamom appears only as a recipe ingredient (Blood Orange Cardamom Sour), not as a forecast trend. No figures.",none,McCormick,Flavor Forecast 2026,not stated (2026 edition),https://www.mccormick.com/pages/flavor-forecast-2026,2026-09-28
cardamom (green),forecast,Datassential's 2025 flavors-to-watch preview names cardamom (and sansho pepper) among emerging flavours; no figures on the page.,none,Datassential,2025 Flavors to Watch: A Closer Look,2024-12-12 (modified),https://datassential.com/resource/2025-food-flavor-beverage-trends/,2026-09-28
saffron,price_data,"London Persian restaurant owner said his saffron cost rose from about GBP1,200/kg before the Iran war to GBP2,000-2,100/kg per his supplier. Single-business anecdote.","GBP1,200/kg -> GBP2,000-2,100/kg (one restaurant, spring 2026)",BBC News (Jeevan Nerwan),Iran war leads to saffron price spike hitting London businesses,2026-05-11,https://www.bbc.com/news/articles/c9v3e4dz97yo,2026-09-28
saffron,supply,US spice retailer reports Iranian saffron production down nearly 140 tons this year plus Hormuz shipping constraints and unreliable Indian supply; saffron price up nearly 40%.,production 'down nearly 140 tons'; price up 'nearly 40%' (as of 25 Jun 2026); no source cited,Spices Inc.,Food Industry Insights and News (Saffron entry),2026-06-25,https://spicesinc.com/blogs/food-industry-insights-and-news,2026-09-28
saffron,trade_data,UN Comtrade data (via aggregator) show Iran's official saffron export volume falling 2020-2022 while unit value rose.,"2020: 325 t, US$190.2m, $585.11/kg; 2021: 263 t, $154.3m, $586.82/kg; 2022: 215.9 t, $201.7m, $934.27/kg (HS 0910.20). Latest year shown is 2022.",Selina Wamucii (citing UN Comtrade),Saffron Price in Iran,page checked 2026-06-09; data year 2022,https://www.selinawamucii.com/insights/prices/iran/saffron/,2026-09-28
saffron,trade_data,Spain imported US$61m of saffron from Iran in 2025 (Spanish government figures); US threats against Iran's trade partners raise risk to Spanish importers/re-exporters; a Spanish trade source says paella supply not in danger thanks to Castilla-La Mancha crop.,"US$61m imports from Iran, 2025",Al Jazeera (Graham Keeley),Could Trump's Iran trade war threaten Spain's saffron-infused paella?,2026-09-07,https://www.aljazeera.com/news/2026/9/7/could-trumps-iran-trade-war-threaten-spains-saffron-infused-paella,2026-09-28
vanilla,price_data,Trade house says vanilla prices in Madagascar and Uganda are at historic lows adjusted for inflation; market heavily oversupplied; recommends buyers cover through 2027-28.,'historic lows' (inflation-adjusted); no single price quoted,Aust & Hachmann (Canada),"May 2026: The Vanilla Market in Crisis: Oversupply, and the Road Ahead",2026-05-29,https://www.austhachcanada.com/2026/05/29/may-2026/,2026-09-28
vanilla,supply,"Madagascar crop potentially exceeded 4,000 t in 2025; 2026 crop projected 3,000-3,500 t; USD 4/kg export tax eliminated and US import tariffs removed late 2025; unofficial minimum export prices USD 50/kg (black), 25 (long red), 15 (cuts) hard to respect.","2025 >4,000 t (potential); 2026 3,000-3,500 t; min export $50/$25/$15 per kg",Aust & Hachmann (Canada),May 2026: The Vanilla Market in Crisis,2026-05-29,https://www.austhachcanada.com/2026/05/29/may-2026/,2026-09-28
vanilla,supply,Madagascar industry alliance preparing up to US$38m to buy 600 t of processed vanilla to address oversupply; export price cited at $38/kg in Q4 2025.,US$38m / 600 t; $38/kg (Q4 2025),African Sustainability Matters,Madagascar's vanilla crisis deepens as $38 Million stock-buying plan struggles...,2026-06-23,https://africasustainabilitymatters.com/madagascars-vanilla-crisis-deepens-as-38-million-stock-buying-plan-struggles-to-address-global-oversupply/,2026-09-28
vanilla,price_data,Vendor blog: cured Madagascar beans ~US$50/kg in 2014 peaked near US$600/kg by 2018 and have since declined.,"~$50/kg (2014), ~$600/kg peak (2018)",WholesaleVanillaBeans.com (Joachim Mbwana),Vanilla Price Trends in 2026,2026-07-09,https://www.wholesalevanillabeans.com/blog/vanilla-price-trends-2026,2026-09-28
black pepper,price_data,"Malaysian report: global pepper prices expected to rise in 2026 on tight supply; Vietnam exported 247,482 t (US$1.66bn) in 2025; Malaysian Pepper Board Grade 1 black down year-on-year in ringgit.","Global black US$8,300-9,000/t; white US$11,500-12,200/t; Vietnam 2025 exports 247,482 t, US$1.66bn; Jan 2026 21,743 t; MPB black RM26,250/t vs RM30,000 a year earlier",The Star (Jack Wong),Global pepper prices expected to rise in 2026,2026-02-19,https://www.thestar.com.my/business/business-news/2026/02/19/global-pepper-prices-expected-to-rise-in-2026,2026-09-28
black pepper,trade_data,"VPSA: Vietnam 2025 pepper exports ~246,000 t worth US$1.66bn; average export price up 28.3% in 2025; early 2026 farm-gate >150,000 VND/kg; supply tightening.","246,000 t; US$1.66bn; avg export price +28.3% (2025); >150,000 VND/kg",VietNamNet (citing Vietnam Pepper and Spice Association),Pepper exports poised for strong gains despite tightening supply,2026-03-10,https://vietnamnet.vn/en/pepper-exports-poised-for-strong-gains-despite-tightening-supply-2496052.html,2026-09-28
black pepper,supply,US spice retailer notes: 11 May 2026 Vietnamese black pepper 'has come down in price'; 5 Jun 2026 short Vietnamese crop and low production.,none (qualitative),Spices Inc.,Food Industry Insights and News,2026-05-11 / 2026-06-05,https://spicesinc.com/blogs/food-industry-insights-and-news,2026-09-28
smoked paprika / pimenton,supply,"DOP Pimenton de la Vera expected a larger 2025 pepper harvest after two scarce years; 2024 harvest ~2,500 t, 300 t below 2023; ~1,300 ha, ~400 farmers.","2024 ~2,500 t, 300 less than in 2023""; 2025 expected higher (no figure)""",El Periodico Extremadura (Efe),La DOP Pimenton de la Vera estima que se recolectara mas pimiento en la campana de 2025,2025-09-18,https://www.elperiodicoextremadura.com/extremadura/2025/09/18/dop-pimenton-vera-estima-recolectara-121720747.html,2026-09-28
za'atar,menu_data,"Datassential: za'atar grew from 0.5% of (US) menus in 2015 to 1.8% 'this year' (2023); +7% last year, +5% last four years.",0.5% of menus (2015) -> 1.8% (2023); +7% 1-yr; +5% 4-yr. Denominator: share of US restaurant menus in Datassential sample (sample size not stated),Datassential,Top 10 Trend Predictions We Got Right in the Last Decade,2023-11-30 (modified),https://datassential.com/resource/10-top-trends-we-forecast-in-the-last-decade/,2026-09-28
za'atar,forecast,"Menu Matters consultant: za'atar 'proliferating at a strong pace'; sumac, baharat and berbere 'are growing'. No data cited.",none,IFT Food Technology (Dana Cvetan),Outlook 2026: Flavor Trends,2025-09-29,https://www.ift.org/food-technology-magazine/outlook-2026-flavor-trends,2026-09-28
za'atar,chef_report,"Datassential's NRA Show 2026 recap highlights Middle Eastern flavours za'atar, sumac and zhoug on the show floor; no spice-specific figures.",none for these spices,Datassential,Restaurant Show 2026: The Food and Beverage Trends That Stole the Show,2026-05-20,https://datassential.com/resource/national-restaurant-association-show-2026-food-beverage-trends/,2026-09-28
sumac,menu_data,"Datassential four-year menu growth: sumac +16% (alongside falafel +45%, shawarma +45%).",sumac +16% 4-yr menu growth; no baseline/denominator; article undated,Convenience Store News (citing Datassential),"Global Flavors, Flexible Choices Among the Future of Menu Trends",not stated,https://csnews.com/global-flavors-flexible-choices-among-future-menu-trends,2026-09-28
sumac,forecast,IFT: sumac listed among trending ingredients from world cuisines and among growing spices (Menu Matters). No data.,none,IFT Food Technology (Dana Cvetan),Outlook 2026: Flavor Trends,2025-09-29,https://www.ift.org/food-technology-magazine/outlook-2026-flavor-trends,2026-09-28
sumac,trade_data,"CBI (Dutch govt export-promotion agency): Middle Eastern and Asian cuisines drive EU spice demand; mixes like baharat, za'atar, dukkah gaining; sumac, galangal, cubeb pepper found in specialist markets; single-origin (Kampot pepper, Ceylon cinnamon) demand. Qualitative.",none for these spices,CBI (Netherlands Ministry of Foreign Affairs),What trends offer opportunities or pose threats on the European spices and herbs market?,2024-10-15,https://www.cbi.eu/market-information/spices-herbs/trends,2026-09-28
Aleppo pepper,menu_data,"Datassential: Aleppo pepper known by 34% of US population, tried by 17%; awareness highest among vegetarians/vegans. Article says growing on US menus but gives no menu figure.","awareness 34%, trial 17% (US consumers; sample size not stated); no menu-penetration figure",Nation's Restaurant News / Datassential,Aleppo pepper provides consumers with complex heat,2025-04-01,https://www.nrn.com/food-trends/aleppo-pepper-provides-consumers-with-complex-heat,2026-09-28
Aleppo pepper,forecast,"Consultant (ATE) names Aleppo chile, harissa, gochujang, Calabrian chile as 'swicy' heat elements for 2026.",none,IFT Food Technology (Dana Cvetan),Outlook 2026: Flavor Trends,2025-09-29,https://www.ift.org/food-technology-magazine/outlook-2026-flavor-trends,2026-09-28
Aleppo pepper / Urfa / gochugaru / Sichuan,forecast,"UK trend agency names Sichuan, gochugaru, Aleppo and urfa as the next phase of spicy after hot honey and Nashville heat (Gen Z focus, 2026/27). No data.",none,Egg Soldiers (UK trend agency),Gen Z Food Trends: Sophisticated Spice,not stated (covers 2026/27),https://eggsoldiers.co.uk/gen-z-food-trends-spicy-food,2026-09-28
yuzu kosho,menu_data,Datassential 'Asian Food Trends 2025' report: yuzu kosho has had 63% four-year menu growth.,+63% 4-yr growth (US menus; base not stated),"Supermarket Perimeter (Hayley Hyer), citing Datassential",Asian cuisines: Finding authenticity in the trends,2025-11-12,https://www.supermarketperimeter.com/articles/13411-asian-cuisines-finding-authenticity-in-the-trends,2026-09-28
shichimi togarashi,menu_data,Datassential: togarashi +27% on menus in last four years; +56% since named in 2016.,+27% 4-yr; +56% since 2016 (US menus; base not stated),Datassential,Top 10 Trend Predictions We Got Right in the Last Decade,2023-11-30 (modified),https://datassential.com/resource/10-top-trends-we-forecast-in-the-last-decade/,2026-09-28
sansho,forecast,Datassential names sansho pepper among 2025 flavours to watch; no figures.,none,Datassential,2025 Flavors to Watch: A Closer Look,2024-12-12 (modified),https://datassential.com/resource/2025-food-flavor-beverage-trends/,2026-09-28
Sichuan pepper (mala),forecast,Technomic 2026 global predictions: 'the time is right' for chains worldwide to put mala (tingling-numbing heat) on menus; proof of concept in Asian fast food LTOs. No data on page.,none,Technomic,2026 Global Foodservice Trend Predictions,not stated,https://www.technomic.com/2026-global-foodservice-trend-predictions/,2026-09-28
gochujang (context for gochugaru),menu_data,Datassential: gochujang +133% on menus since 2015; forecast +46% by 2027.,+133% since 2015; +46% forecast to 2027 (US menus; base not stated),Datassential,Top 10 Trend Predictions We Got Right in the Last Decade,2023-11-30 (modified),https://datassential.com/resource/10-top-trends-we-forecast-in-the-last-decade/,2026-09-28
berbere / gochujang / sambal,forecast,"Kalsec hot & spicy research page lists berbere, sambal and gochujang as declining, black pepper as having 'soared', Thai chilli leading in EU. Undated; no sample shown in extract.",none extracted,Kalsec,The Latest Hot and Spicy Food and Beverage Trends,not stated,https://www.kalsec.com/insights/crafting-taste/hot-spicy-food-beverage-trends,2026-09-28
curry leaf,chef_report,Great British Chefs 2026 trends feature cites Adam Byatt's turmeric and curry leaf parsnips (UK). Single example.,none,Great British Chefs,Food Trends 2026,2026-01-08,https://www.greatbritishchefs.com/features/food-trends-2026,2026-09-28
black lime (loomi),chef_report,Trend site claims black lime is the 2026 'sleeper spice' used by chefs with CPG launches; no data source identified in what was read. Low reliability.,none,FoodTrendFinder.com,Black Lime (Loomi) Becomes the Sleeper Spice of 2026,not stated,https://foodtrendfinder.com/article/black-lime-loomi-breakout,2026-09-28
aji amarillo,forecast,US spice retailer: aji amarillo sales outpacing last year; specialty chile powders/flakes up 30-50% vs prior year total (own sales data).,specialty chiles +30-50% vs previous year (company sales),Spices Inc.,"Spices, Inc. 2026 Flavor Report",2025 (not exact),https://spicesinc.com/blogs/spices-inc-2026-flavor-report,2026-09-28
Kampot pepper,trade_data,CBI notes demand for single-origin spices such as Kampot pepper in Europe (qualitative).,none,CBI,What trends offer opportunities or pose threats on the European spices and herbs market?,2024-10-15,https://www.cbi.eu/market-information/spices-herbs/trends,2026-09-28
tonka bean,regulation,Sale of tonka beans for food illegal in the US since 1954 (coumarin); still used in high-end restaurants. EU limits not verified in this pass.,US ban since 1954,BBC Future (Zaria Gorvett),The delicious flavour with a toxic secret,2017-06-20,https://www.bbc.com/future/article/20170620-the-delicious-flavour-with-a-toxic-secret,2026-09-28
all spices (EU imports),regulation,RASFF contamination notifications for imported spices/herbs; increased EU border checks (e.g. aflatoxin up to 50% of consignments for some origin/product pairs; 20% pesticide checks on various Indian spices).,"RASFF incidents: 242 (2022), 248 (2023)",CBI,What trends offer opportunities or pose threats on the European spices and herbs market?,2024-10-15,https://www.cbi.eu/market-information/spices-herbs/trends,2026-09-28
